Country,1/22/20,1/23/20,1/24/20,1/25/20,1/26/20,1/27/20,1/28/20,1/29/20,1/30/20,1/31/20,2/1/20,2/2/20,2/3/20,2/4/20,2/5/20,2/6/20,2/7/20,2/8/20,2/9/20,2/10/20,2/11/20,2/12/20,2/13/20,2/14/20,2/15/20,2/16/20,2/17/20,2/18/20,2/19/20,2/20/20,2/21/20,2/22/20,2/23/20,2/24/20,2/25/20,2/26/20,2/27/20,2/28/20,2/29/20,3/1/20,3/2/20,3/3/20,3/4/20,3/5/20,3/6/20,3/7/20,3/8/20,3/9/20,3/10/20,3/11/20,3/12/20,3/13/20,3/14/20,3/15/20,3/16/20,3/17/20,3/18/20,3/19/20,3/20/20,3/21/20,3/22/20,3/23/20,3/24/20,3/25/20,3/26/20,3/27/20,3/28/20,3/29/20,3/30/20,3/31/20,4/1/20,4/2/20,4/3/20,4/4/20,4/5/20,4/6/20,4/7/20,4/8/20,4/9/20,4/10/20,4/11/20,4/12/20,4/13/20,4/14/20,4/15/20,4/16/20,4/17/20,4/18/20,4/19/20,4/20/20,4/21/20,4/22/20,4/23/20,4/24/20,4/25/20,4/26/20,4/27/20,4/28/20,4/29/20,4/30/20,5/1/20,5/2/20,5/3/20,5/4/20,5/5/20,5/6/20,5/7/20,5/8/20,5/9/20
Afghanistan,0,0,0,0,0,0,0,0,0,0,0,0,0,0,0,0,0,0,0,0,0,0,0,0,0,0,0,0,0,0,0,0,0,0,0,0,0,0,0,0,0,0,0,0,0,0,0,0,0,0,0,0,0,0,1,0,0,0,0,0,0,0,0,1,0,0,0,0,0,3,0,5,0,0,5,3,0,11,3,0,0,0,0,8,3,11,45,13,19,4,15,16,13,9,0,19,13,8,24,8,50,21,14,52,24,37,10,4,30
Albania,0,0,0,0,0,0,0,0,0,0,0,0,0,0,0,0,0,0,0,0,0,0,0,0,0,0,0,0,0,0,0,0,0,0,0,0,0,0,0,0,0,0,0,0,0,0,0,0,0,0,0,0,0,0,0,0,0,0,0,2,0,0,8,7,0,14,0,2,11,8,15,9,13,10,5,12,15,23,11,17,15,20,15,16,3,26,6,19,12,13,18,11,29,9,9,7,12,9,24,15,18,31,12,12,27,25,10,15,7
Algeria,0,0,0,0,0,0,0,0,0,0,0,0,0,0,0,0,0,0,0,0,0,0,0,0,0,0,0,0,0,0,0,0,0,0,0,0,0,0,0,0,0,0,0,0,0,0,0,0,0,0,8,0,4,0,0,0,0,20,0,0,33,0,-41,41,-36,0,2,0,6,9,15,0,1,28,0,0,23,124,110,58,55,131,10,90,17,75,63,48,153,52,53,52,151,53,71,29,50,93,51,77,42,51,64,62,69,130,126,144,79
Andorra,0,0,0,0,0,0,0,0,0,0,0,0,0,0,0,0,0,0,0,0,0,0,0,0,0,0,0,0,0,0,0,0,0,0,0,0,0,0,0,0,0,0,0,0,0,0,0,0,0,0,1,-1,1,0,0,0,0,0,0,0,0,0,0,0,0,0,0,0,9,0,0,0,6,5,5,5,8,13,6,13,0,57,0,0,41,0,22,14,30,13,34,27,24,11,0,0,41,13,25,45,0,4,21,6,15,7,5,11,8
Angola,0,0,0,0,0,0,0,0,0,0,0,0,0,0,0,0,0,0,0,0,0,0,0,0,0,0,0,0,0,0,0,0,0,0,0,0,0,0,0,0,0,0,0,0,0,0,0,0,0,0,0,0,0,0,0,0,0,0,0,0,0,0,0,0,0,0,0,0,0,1,0,0,0,1,0,0,0,0,0,0,2,0,0,1,0,0,0,1,0,0,0,0,0,0,0,0,0,0,1,0,4,0,0,0,0,0,0,0,2
Antigua and Barbuda,0,0,0,0,0,0,0,0,0,0,0,0,0,0,0,0,0,0,0,0,0,0,0,0,0,0,0,0,0,0,0,0,0,0,0,0,0,0,0,0,0,0,0,0,0,0,0,0,0,0,0,0,0,0,0,0,0,0,0,0,0,0,0,0,0,0,0,0,0,0,0,0,0,0,0,0,0,0,0,0,0,0,0,3,0,0,0,0,0,0,4,3,0,1,0,0,0,0,0,0,4,0,0,0,1,0,0,0,3
Argentina,0,0,0,0,0,0,0,0,0,0,0,0,0,0,0,0,0,0,0,0,0,0,0,0,0,0,0,0,0,0,0,0,0,0,0,0,0,0,0,0,0,0,0,0,0,0,0,0,0,0,0,0,1,0,0,2,0,0,0,0,0,0,49,0,11,9,0,0,156,12,8,8,10,13,1,45,13,20,7,10,65,28,47,44,37,35,35,19,24,28,103,32,47,57,54,77,33,22,30,64,36,28,34,88,30,52,77,58,69
Armenia,0,0,0,0,0,0,0,0,0,0,0,0,0,0,0,0,0,0,0,0,0,0,0,0,0,0,0,0,0,0,0,0,0,0,0,0,0,0,0,0,0,0,0,0,0,0,0,0,0,0,0,0,0,0,0,1,0,0,0,0,1,0,12,2,2,10,2,0,0,0,1,2,10,0,14,5,25,27,24,11,24,24,14,54,32,61,44,121,22,35,29,24,26,69,75,30,15,18,34,29,48,33,25,36,40,24,50,33,49
Australia,0,0,0,0,0,0,0,0,2,0,0,0,0,0,0,0,0,0,0,0,0,0,6,0,0,0,2,0,0,0,1,0,0,0,0,0,0,0,0,0,0,0,0,10,0,0,0,0,0,0,0,2,0,0,0,0,0,3,0,0,62,0,27,4,53,22,50,0,13,101,64,98,129,52,56,323,0,0,392,321,13,0,0,380,0,169,1453,316,0,167,404,237,115,89,240,165,47,77,50,27,33,39,35,38,88,56,47,44,19
Austria,0,0,0,0,0,0,0,0,0,0,0,0,0,0,0,0,0,0,0,0,0,0,0,0,0,0,0,0,0,0,0,0,0,0,0,0,0,0,0,0,0,0,0,0,0,0,0,2,2,0,0,2,0,0,0,-5,8,0,0,0,0,0,0,0,103,113,0,254,157,459,341,313,273,485,491,465,583,466,728,824,540,383,356,290,465,888,718,510,287,130,340,357,366,178,231,179,80,218,199,128,203,70,48,88,146,177,59,138,92
Azerbaijan,0,0,0,0,0,0,0,0,0,0,0,0,0,0,0,0,0,0,0,0,0,0,0,0,0,0,0,0,0,0,0,0,0,0,0,0,0,0,0,0,0,0,0,0,0,0,0,0,0,3,0,0,0,3,0,0,0,0,0,5,-1,0,0,0,5,0,0,0,11,0,0,0,6,0,0,12,0,19,38,58,41,50,39,62,53,56,68,62,122,79,74,42,41,65,67,59,23,59,46,58,40,46,30,39,28,28,15,25,44
Bahamas,0,0,0,0,0,0,0,0,0,0,0,0,0,0,0,0,0,0,0,0,0,0,0,0,0,0,0,0,0,0,0,0,0,0,0,0,0,0,0,0,0,0,0,0,0,0,0,0,0,0,0,0,0,0,0,0,0,0,0,0,0,0,1,0,0,0,0,0,0,0,0,0,0,-1,0,4,1,0,0,0,0,0,1,0,0,0,0,4,0,1,1,0,2,1,0,7,0,1,0,2,-1,0,0,1,1,0,0,5,6
Bahrain,0,0,0,0,0,0,0,0,0,0,0,0,0,0,0,0,0,0,0,0,0,0,0,0,0,0,0,0,0,0,0,0,0,0,0,0,0,0,0,0,0,0,0,0,4,0,0,10,8,13,0,9,0,16,17,4,7,12,0,25,24,0,28,0,27,23,38,7,7,16,42,44,1,41,8,27,0,19,42,20,16,3,33,54,18,40,22,30,4,10,15,242,56,31,47,29,29,92,145,45,55,13,150,26,18,98,140,28,27
Bangladesh,0,0,0,0,0,0,0,0,0,0,0,0,0,0,0,0,0,0,0,0,0,0,0,0,0,0,0,0,0,0,0,0,0,0,0,0,0,0,0,0,0,0,0,0,0,0,0,0,0,0,0,0,0,0,2,1,0,0,0,0,0,0,2,2,4,0,4,0,4,6,0,0,1,4,3,0,0,0,0,0,3,3,3,0,7,0,9,8,9,10,2,5,16,4,1,9,9,8,11,10,14,3,886,146,194,0,507,191,313
Barbados,0,0,0,0,0,0,0,0,0,0,0,0,0,0,0,0,0,0,0,0,0,0,0,0,0,0,0,0,0,0,0,0,0,0,0,0,0,0,0,0,0,0,0,0,0,0,0,0,0,0,0,0,0,0,0,0,0,0,0,0,0,0,0,0,0,0,0,0,0,0,0,0,0,0,6,0,0,2,3,0,0,0,2,0,2,0,0,2,0,2,6,0,5,1,0,8,0,0,0,0,0,5,0,2,1,0,6,0,4
Belarus,0,0,0,0,0,0,0,0,0,0,0,0,0,0,0,0,0,0,0,0,0,0,0,0,0,0,0,0,0,0,0,0,0,0,0,0,0,0,0,0,0,0,0,0,0,0,0,1,2,0,0,0,0,0,0,0,2,0,0,10,0,0,7,7,0,3,0,0,0,15,6,0,0,0,-1,1,1,23,62,30,3,31,0,0,0,0,139,0,152,20,63,192,169,182,453,122,45,253,79,314,532,199,79,63,512,617,679,417,566
Belgium,0,0,0,0,0,0,0,0,0,0,0,0,0,0,0,0,0,0,0,0,0,0,0,0,0,0,1,0,0,0,0,0,0,0,0,0,0,0,0,0,0,0,0,0,0,0,0,0,0,0,0,0,0,0,0,0,30,0,-30,262,0,0,198,86,128,183,205,296,168,169,436,363,377,375,504,235,171,524,483,404,418,477,244,161,239,455,399,387,409,138,107,431,367,322,295,368,93,65,340,293,316,319,98,69,63,290,249,221,210
Belize,0,0,0,0,0,0,0,0,0,0,0,0,0,0,0,0,0,0,0,0,0,0,0,0,0,0,0,0,0,0,0,0,0,0,0,0,0,0,0,0,0,0,0,0,0,0,0,0,0,0,0,0,0,0,0,0,0,0,0,0,0,0,0,0,0,0,0,0,0,0,0,0,0,0,0,0,0,0,0,0,0,0,0,0,0,0,0,0,2,0,0,0,3,0,0,0,1,3,0,0,4,0,0,1,2,0,0,0,0
Benin,0,0,0,0,0,0,0,0,0,0,0,0,0,0,0,0,0,0,0,0,0,0,0,0,0,0,0,0,0,0,0,0,0,0,0,0,0,0,0,0,0,0,0,0,0,0,0,0,0,0,0,0,0,0,0,0,0,0,0,0,0,0,0,0,0,0,0,0,0,1,0,0,1,0,3,0,0,0,0,0,0,0,0,13,0,0,0,0,0,9,0,0,0,0,0,6,0,0,0,0,9,0,0,8,0,0,3,9,0
Bhutan,0,0,0,0,0,0,0,0,0,0,0,0,0,0,0,0,0,0,0,0,0,0,0,0,0,0,0,0,0,0,0,0,0,0,0,0,0,0,0,0,0,0,0,0,0,0,0,0,0,0,0,0,0,0,0,0,0,0,0,0,0,0,0,0,0,0,0,0,0,0,0,1,1,0,0,0,0,0,0,0,0,0,0,0,0,0,0,0,0,0,0,0,1,0,0,1,0,1,0,0,0,0,0,0,0,0,0,0,0
Bolivia,0,0,0,0,0,0,0,0,0,0,0,0,0,0,0,0,0,0,0,0,0,0,0,0,0,0,0,0,0,0,0,0,0,0,0,0,0,0,0,0,0,0,0,0,0,0,0,0,0,0,0,0,0,0,0,0,0,0,0,0,0,0,0,0,0,0,0,0,0,0,1,0,0,0,1,0,0,0,0,0,0,0,0,4,1,7,12,5,0,0,6,7,0,10,0,26,18,12,7,15,2,25,7,8,13,11,21,18,21
Bosnia and Herzegovina,0,0,0,0,0,0,0,0,0,0,0,0,0,0,0,0,0,0,0,0,0,0,0,0,0,0,0,0,0,0,0,0,0,0,0,0,0,0,0,0,0,0,0,0,0,0,0,0,0,0,0,0,0,0,0,2,0,0,0,0,0,0,0,0,0,3,0,3,9,0,2,1,7,3,0,17,21,11,22,28,10,54,13,30,17,24,43,18,9,34,56,23,25,53,54,32,35,23,28,17,28,24,46,30,56,17,26,6,99
Botswana,0,0,0,0,0,0,0,0,0,0,0,0,0,0,0,0,0,0,0,0,0,0,0,0,0,0,0,0,0,0,0,0,0,0,0,0,0,0,0,0,0,0,0,0,0,0,0,0,0,0,0,0,0,0,0,0,0,0,0,0,0,0,0,0,0,0,0,0,0,0,0,0,0,0,0,0,0,0,0,0,0,0,0,0,0,0,0,0,0,0,0,0,0,0,0,0,0,0,5,0,3,0,0,0,0,0,1,0,3
Brazil,0,0,0,0,0,0,0,0,0,0,0,0,0,0,0,0,0,0,0,0,0,0,0,0,0,0,0,0,0,0,0,0,0,0,0,0,0,0,0,0,0,0,0,0,0,0,0,0,0,0,0,0,0,0,1,1,0,0,0,0,0,0,0,0,4,0,0,0,114,7,0,0,0,0,0,0,0,0,46,0,0,0,0,2873,10980,0,0,0,8104,0,861,2327,1255,1082,1505,992,990,1402,1588,1803,2104,2898,2054,2824,2406,3149,3980,3947,2388
Brunei,0,0,0,0,0,0,0,0,0,0,0,0,0,0,0,0,0,0,0,0,0,0,0,0,0,0,0,0,0,0,0,0,0,0,0,0,0,0,0,0,0,0,0,0,0,0,0,0,0,0,0,0,0,0,0,0,0,0,1,1,0,0,0,0,3,6,14,9,4,7,7,4,9,1,7,9,3,6,1,7,5,2,1,0,1,0,4,1,2,1,0,1,2,1,1,2,1,0,0,0,0,2,2,2,1,0,0,1,0
Bulgaria,0,0,0,0,0,0,0,0,0,0,0,0,0,0,0,0,0,0,0,0,0,0,0,0,0,0,0,0,0,0,0,0,0,0,0,0,0,0,0,0,0,0,0,0,0,0,0,0,0,0,0,0,0,0,0,0,0,0,0,3,0,0,0,1,4,1,2,3,3,0,3,5,5,4,3,2,3,0,6,6,8,6,3,10,24,17,19,12,8,6,3,4,16,7,0,8,1,16,21,23,10,11,21,13,21,18,24,17,21
Burkina Faso,0,0,0,0,0,0,0,0,0,0,0,0,0,0,0,0,0,0,0,0,0,0,0,0,0,0,0,0,0,0,0,0,0,0,0,0,0,0,0,0,0,0,0,0,0,0,0,0,0,0,0,0,0,0,0,0,0,0,0,5,0,0,2,3,0,2,9,2,8,1,14,4,0,16,24,18,19,7,12,0,9,6,0,16,49,31,37,27,17,19,5,27,21,15,17,11,16,7,22,8,11,18,5,5,3,7,7,4,3
Burma,0,0,0,0,0,0,0,0,0,0,0,0,0,0,0,0,0,0,0,0,0,0,0,0,0,0,0,0,0,0,0,0,0,0,0,0,0,0,0,0,0,0,0,0,0,0,0,0,0,0,0,0,0,0,0,0,0,0,0,0,0,0,0,0,0,0,0,0,0,0,0,0,0,0,0,0,0,0,2,0,0,0,0,0,0,0,3,0,2,0,0,0,2,0,1,0,6,0,11,0,4,6,6,6,0,1,12,5,1
Burundi,0,0,0,0,0,0,0,0,0,0,0,0,0,0,0,0,0,0,0,0,0,0,0,0,0,0,0,0,0,0,0,0,0,0,0,0,0,0,0,0,0,0,0,0,0,0,0,0,0,0,0,0,0,0,0,0,0,0,0,0,0,0,0,0,0,0,0,0,0,0,0,0,0,0,0,0,0,0,0,0,0,0,0,0,0,0,0,0,0,4,0,0,0,0,0,0,0,0,0,0,0,3,0,0,0,0,0,0,0
Cabo Verde,0,0,0,0,0,0,0,0,0,0,0,0,0,0,0,0,0,0,0,0,0,0,0,0,0,0,0,0,0,0,0,0,0,0,0,0,0,0,0,0,0,0,0,0,0,0,0,0,0,0,0,0,0,0,0,0,0,0,0,0,0,0,0,0,0,0,0,0,0,0,0,0,0,0,0,1,0,0,0,0,0,0,0,0,0,0,0,0,0,0,0,0,0,0,0,0,0,1,0,2,14,0,15,4,0,1,0,6,12
Cambodia,0,0,0,0,0,0,0,0,0,0,0,0,0,0,0,0,0,0,0,0,0,1,0,0,0,0,0,0,0,0,0,0,0,0,0,0,0,0,0,0,0,0,0,0,0,0,0,0,0,0,0,0,0,0,0,0,0,0,0,0,0,0,3,6,0,1,2,8,0,2,2,9,1,15,0,3,5,5,-1,10,3,2,0,14,5,2,0,5,2,2,3,0,0,7,0,0,2,0,0,0,1,0,0,0,0,0,0,0,0
Cameroon,0,0,0,0,0,0,0,0,0,0,0,0,0,0,0,0,0,0,0,0,0,0,0,0,0,0,0,0,0,0,0,0,0,0,0,0,0,0,0,0,0,0,0,0,0,0,0,0,0,0,0,0,0,0,0,0,0,0,0,0,0,0,0,2,0,0,0,3,0,0,5,0,7,0,0,0,26,17,0,38,0,0,0,32,35,-1,0,13,128,0,24,68,271,0,29,89,19,110,19,0,0,19,0,0,0,47,2,0,230
Canada,0,0,0,0,0,0,0,0,0,0,0,0,0,0,0,0,0,0,0,0,0,1,0,0,0,0,0,0,0,0,2,0,0,0,0,0,3,0,0,0,0,0,0,0,0,2,0,0,0,0,0,0,0,0,1,0,0,0,0,1,0,0,100,73,1,72,210,0,0,1126,-268,411,440,402,435,244,535,363,1008,693,734,534,635,452,756,732,847,419,883,696,645,1266,307,388,864,870,1385,963,1096,1097,1340,1050,1107,1109,976,1178,1076,979,1023
Central African Republic,0,0,0,0,0,0,0,0,0,0,0,0,0,0,0,0,0,0,0,0,0,0,0,0,0,0,0,0,0,0,0,0,0,0,0,0,0,0,0,0,0,0,0,0,0,0,0,0,0,0,0,0,0,0,0,0,0,0,0,0,0,0,0,0,0,0,0,0,0,0,0,0,0,0,0,0,0,0,0,0,0,0,3,1,0,0,0,0,0,0,6,0,0,0,0,0,0,0,0,0,0,0,0,0,0,0,0,0,0
Chad,0,0,0,0,0,0,0,0,0,0,0,0,0,0,0,0,0,0,0,0,0,0,0,0,0,0,0,0,0,0,0,0,0,0,0,0,0,0,0,0,0,0,0,0,0,0,0,0,0,0,0,0,0,0,0,0,0,0,0,0,0,0,0,0,0,0,0,0,0,0,0,0,0,0,0,0,2,0,0,0,0,0,0,0,0,3,0,3,0,0,0,0,0,0,7,0,0,4,0,14,0,6,0,0,4,0,7,0,3
Chile,0,0,0,0,0,0,0,0,0,0,0,0,0,0,0,0,0,0,0,0,0,0,0,0,0,0,0,0,0,0,0,0,0,0,0,0,0,0,0,0,0,0,0,0,0,0,0,0,0,0,0,0,0,0,0,0,0,0,6,0,2,0,9,5,0,21,18,14,81,0,78,101,92,101,90,110,170,217,159,297,293,195,308,279,291,362,322,414,303,338,293,417,418,523,419,278,303,383,347,523,438,554,469,374,295,479,475,496,507
China,28,2,6,3,10,9,43,19,15,79,61,188,151,229,272,362,522,597,623,699,718,446,1135,1760,1321,1457,1707,1744,1756,2052,690,3995,488,1828,2661,2408,2846,3399,2991,2842,2692,2596,2551,2291,1652,1595,1849,1416,1377,1463,1257,1295,1464,1357,893,888,957,780,731,591,505,452,466,493,408,539,380,482,341,283,199,160,195,186,261,103,100,157,112,112,86,79,83,161,111,90,-849,62,76,55,54,62,122,126,66,102,97,48,52,49,50,13,98,108,78,59,48,16,134
Colombia,0,0,0,0,0,0,0,0,0,0,0,0,0,0,0,0,0,0,0,0,0,0,0,0,0,0,0,0,0,0,0,0,0,0,0,0,0,0,0,0,0,0,0,0,0,0,0,0,0,0,0,0,0,0,0,1,0,0,0,0,2,0,3,2,0,2,0,0,5,16,8,16,0,30,3,0,12,23,51,23,17,56,49,35,98,98,84,0,77,93,0,66,57,76,64,66,77,58,143,28,112,115,56,85,206,135,152,124,145
Comoros,0,0,0,0,0,0,0,0,0,0,0,0,0,0,0,0,0,0,0,0,0,0,0,0,0,0,0,0,0,0,0,0,0,0,0,0,0,0,0,0,0,0,0,0,0,0,0,0,0,0,0,0,0,0,0,0,0,0,0,0,0,0,0,0,0,0,0,0,0,0,0,0,0,0,0,0,0,0,0,0,0,0,0,0,0,0,0,0,0,0,0,0,0,0,0,0,0,0,0,0,0,0,0,0,0,0,0,0,0
Congo (Brazzaville),0,0,0,0,0,0,0,0,0,0,0,0,0,0,0,0,0,0,0,0,0,0,0,0,0,0,0,0,0,0,0,0,0,0,0,0,0,0,0,0,0,0,0,0,0,0,0,0,0,0,0,0,0,0,0,0,0,0,0,0,0,0,0,0,0,0,0,0,0,0,0,2,0,0,0,0,0,0,3,0,0,0,0,0,6,0,0,0,0,5,0,0,0,3,0,0,0,0,0,0,6,0,0,1,0,4,0,3,0
Congo (Kinshasa),0,0,0,0,0,0,0,0,0,0,0,0,0,0,0,0,0,0,0,0,0,0,0,0,0,0,0,0,0,0,0,0,0,0,0,0,0,0,0,0,0,0,0,0,0,0,0,0,0,0,0,0,0,0,0,0,0,0,0,0,0,0,0,0,0,2,0,0,0,0,1,0,0,0,0,2,4,0,0,4,3,0,1,3,1,2,2,1,0,1,8,10,2,1,1,1,0,6,3,14,2,0,0,5,10,2,11,27,0
Costa Rica,0,0,0,0,0,0,0,0,0,0,0,0,0,0,0,0,0,0,0,0,0,0,0,0,0,0,0,0,0,0,0,0,0,0,0,0,0,0,0,0,0,0,0,0,0,0,0,0,0,0,0,0,0,0,0,0,0,0,0,2,0,0,0,0,0,1,0,0,1,0,0,2,5,2,3,2,6,5,1,12,7,7,6,4,1,7,14,9,15,12,26,30,16,20,26,22,23,19,17,15,17,17,14,13,14,15,17,16,19
Cote d'Ivoire,0,0,0,0,0,0,0,0,0,0,0,0,0,0,0,0,0,0,0,0,0,0,0,0,0,0,0,0,0,0,0,0,0,0,0,0,0,0,0,0,0,0,0,0,0,0,0,0,0,0,0,0,0,0,0,1,0,0,0,0,0,0,1,1,0,0,0,1,2,1,2,6,4,6,12,4,0,7,4,0,6,27,4,25,0,32,47,46,21,0,43,7,49,60,0,49,31,26,32,17,23,25,31,40,8,20,21,12,15
Croatia,0,0,0,0,0,0,0,0,0,0,0,0,0,0,0,0,0,0,0,0,0,0,0,0,0,0,0,0,0,0,0,0,0,0,0,0,0,0,0,0,0,0,0,0,0,0,0,0,0,0,0,1,0,0,1,2,0,1,0,0,0,0,0,17,0,15,8,7,15,0,6,15,4,27,6,5,37,12,40,12,92,50,27,15,58,56,71,15,94,62,30,68,14,99,52,69,63,66,56,60,73,42,26,33,38,41,40,48,37
Cuba,0,0,0,0,0,0,0,0,0,0,0,0,0,0,0,0,0,0,0,0,0,0,0,0,0,0,0,0,0,0,0,0,0,0,0,0,0,0,0,0,0,0,0,0,0,0,0,0,0,0,0,0,0,0,0,0,0,0,0,0,0,0,1,0,0,3,0,0,0,4,4,1,2,0,0,3,9,0,1,23,26,15,29,11,19,20,21,35,28,30,24,32,24,51,21,64,24,50,42,64,33,51,62,49,78,47,30,47,62
Cyprus,0,0,0,0,0,0,0,0,0,0,0,0,0,0,0,0,0,0,0,0,0,0,0,0,0,0,0,0,0,0,0,0,0,0,0,0,0,0,0,0,0,0,0,0,0,0,0,0,0,0,0,0,0,0,0,0,0,0,0,0,3,0,0,0,1,11,0,0,7,1,5,0,0,5,4,8,2,5,1,5,3,4,0,0,0,12,0,2,2,0,17,0,0,0,50,0,0,0,0,148,0,0,0,0,0,0,104,0,1
Czechia,0,0,0,0,0,0,0,0,0,0,0,0,0,0,0,0,0,0,0,0,0,0,0,0,0,0,0,0,0,0,0,0,0,0,0,0,0,0,0,0,0,0,0,0,0,0,0,0,0,0,0,0,0,0,3,0,0,0,1,2,0,0,4,0,0,1,0,0,14,20,16,6,5,6,18,25,51,61,68,45,65,53,55,123,177,153,202,53,71,261,194,236,163,219,82,92,281,122,160,206,58,89,126,220,199,199,166,42,34
Denmark,0,0,0,0,0,0,0,0,0,0,0,0,0,0,0,0,0,0,0,0,0,0,0,0,0,0,0,0,0,0,0,0,0,0,0,0,0,0,0,0,0,0,0,0,1,0,0,0,0,0,0,0,0,0,0,0,0,0,0,0,0,0,35,5,9,7,0,16,0,4,894,201,115,92,50,60,132,142,120,46,182,180,112,286,236,278,368,460,297,171,390,387,297,142,143,136,154,165,245,183,183,160,99,101,208,197,218,218,166
Diamond Princess,0,0,0,0,0,0,0,0,0,0,0,0,0,0,0,0,0,0,0,0,0,0,0,0,0,0,0,0,1,0,0,0,-1,0,0,10,0,0,0,0,0,0,0,0,30,0,0,0,0,285,0,0,0,0,0,0,0,0,0,0,0,0,0,262,10,0,0,6,0,0,0,16,0,0,0,0,0,0,0,0,0,0,0,20,0,5,0,0,0,0,0,0,1,0,0,0,0,0,0,0,0,0,0,0,0,0,0,0,0
Djibouti,0,0,0,0,0,0,0,0,0,0,0,0,0,0,0,0,0,0,0,0,0,0,0,0,0,0,0,0,0,0,0,0,0,0,0,0,0,0,0,0,0,0,0,0,0,0,0,0,0,0,0,0,0,0,0,0,0,0,0,0,0,0,0,0,0,0,0,0,0,0,0,0,8,0,1,0,0,16,0,11,0,0,5,12,18,2,3,0,26,0,10,71,69,78,43,38,66,21,101,43,30,14,0,27,32,10,44,25,10
Dominica,0,0,0,0,0,0,0,0,0,0,0,0,0,0,0,0,0,0,0,0,0,0,0,0,0,0,0,0,0,0,0,0,0,0,0,0,0,0,0,0,0,0,0,0,0,0,0,0,0,0,0,0,0,0,0,0,0,0,0,0,0,0,0,0,0,0,0,0,0,0,0,0,0,0,0,1,0,0,0,4,0,3,0,0,0,0,0,0,0,0,0,1,0,1,3,0,0,0,0,0,0,0,0,0,1,0,0,0,0
Dominican Republic,0,0,0,0,0,0,0,0,0,0,0,0,0,0,0,0,0,0,0,0,0,0,0,0,0,0,0,0,0,0,0,0,0,0,0,0,0,0,0,0,0,0,0,0,0,0,0,0,0,0,0,0,0,0,0,0,0,0,0,0,0,0,3,0,0,0,0,0,1,1,4,7,0,0,1,16,3,14,30,18,10,23,21,10,46,7,53,44,51,53,47,118,0,182,59,88,83,172,63,73,86,94,125,165,134,55,104,222,298
Ecuador,0,0,0,0,0,0,0,0,0,0,0,0,0,0,0,0,0,0,0,0,0,0,0,0,0,0,0,0,0,0,0,0,0,0,0,0,0,0,0,0,0,0,0,0,0,0,0,0,0,0,0,0,0,0,0,0,0,0,0,3,0,0,0,0,0,0,0,0,0,51,4,7,0,35,0,0,0,40,199,29,43,90,96,99,84,58,0,170,53,89,57,55,66,38,0,0,191,0,0,1,355,219,1168,133,0,0,0,0,0
Egypt,0,0,0,0,0,0,0,0,0,0,0,0,0,0,0,0,0,0,0,0,0,0,0,0,0,0,0,0,0,0,0,0,0,0,0,0,0,1,0,0,0,0,0,0,0,0,0,0,0,26,0,0,0,-6,6,5,0,0,7,2,15,0,24,15,7,14,5,11,18,7,22,22,15,25,6,12,17,29,43,36,42,163,0,0,0,7,50,55,31,89,49,65,69,71,39,62,60,68,31,46,79,62,40,70,98,85,72,58,57
El Salvador,0,0,0,0,0,0,0,0,0,0,0,0,0,0,0,0,0,0,0,0,0,0,0,0,0,0,0,0,0,0,0,0,0,0,0,0,0,0,0,0,0,0,0,0,0,0,0,0,0,0,0,0,0,0,0,0,0,0,0,0,0,0,0,0,0,0,0,0,0,0,0,0,0,2,0,3,0,4,5,1,4,2,1,3,5,3,5,5,1,2,2,15,4,8,0,8,6,8,9,13,5,17,13,26,25,14,33,5,19
Equatorial Guinea,0,0,0,0,0,0,0,0,0,0,0,0,0,0,0,0,0,0,0,0,0,0,0,0,0,0,0,0,0,0,0,0,0,0,0,0,0,0,0,0,0,0,0,0,0,0,0,0,0,0,0,0,0,0,0,0,0,0,0,0,0,0,0,0,0,0,0,0,0,1,0,0,0,0,0,2,0,0,0,0,0,0,1,0,0,0,0,0,0,3,0,0,0,0,0,1,1,0,0,0,0,0,0,4,0,0,0,0,0
Eritrea,0,0,0,0,0,0,0,0,0,0,0,0,0,0,0,0,0,0,0,0,0,0,0,0,0,0,0,0,0,0,0,0,0,0,0,0,0,0,0,0,0,0,0,0,0,0,0,0,0,0,0,0,0,0,0,0,0,0,0,0,0,0,0,0,0,0,0,0,0,0,0,0,0,0,0,0,0,0,0,0,0,0,0,0,0,0,0,3,0,0,3,0,0,5,2,0,0,6,0,7,0,0,0,0,4,0,0,7,0
Estonia,0,0,0,0,0,0,0,0,0,0,0,0,0,0,0,0,0,0,0,0,0,0,0,0,0,0,0,0,0,0,0,0,0,0,0,0,0,0,0,0,0,0,0,0,0,0,0,0,0,0,0,0,0,1,0,0,0,0,0,0,1,0,5,1,0,3,9,0,0,6,7,12,3,11,3,0,7,3,11,10,0,5,4,13,2,16,12,17,2,1,4,15,8,14,22,5,0,7,-4,13,4,3,3,0,2,3,9,431,43
Eswatini,0,0,0,0,0,0,0,0,0,0,0,0,0,0,0,0,0,0,0,0,0,0,0,0,0,0,0,0,0,0,0,0,0,0,0,0,0,0,0,0,0,0,0,0,0,0,0,0,0,0,0,0,0,0,0,0,0,0,0,0,0,0,0,0,0,0,0,0,0,0,0,0,0,0,0,4,0,3,0,0,0,0,0,1,0,0,0,0,0,0,0,0,0,2,0,0,0,0,0,2,0,0,0,0,0,0,0,0,2
Ethiopia,0,0,0,0,0,0,0,0,0,0,0,0,0,0,0,0,0,0,0,0,0,0,0,0,0,0,0,0,0,0,0,0,0,0,0,0,0,0,0,0,0,0,0,0,0,0,0,0,0,0,0,0,0,0,0,0,0,0,0,0,4,0,-4,0,0,0,1,0,3,-2,0,1,0,1,0,0,0,0,0,0,6,0,4,0,1,0,0,1,0,0,0,5,0,4,4,12,9,0,8,1,7,3,6,0,16,2,0,2,2
Fiji,0,0,0,0,0,0,0,0,0,0,0,0,0,0,0,0,0,0,0,0,0,0,0,0,0,0,0,0,0,0,0,0,0,0,0,0,0,0,0,0,0,0,0,0,0,0,0,0,0,0,0,0,0,0,0,0,0,0,0,0,0,0,0,0,0,0,0,0,0,0,0,0,0,0,0,0,0,0,0,0,0,0,0,0,0,0,0,0,0,3,0,5,0,2,0,2,0,0,0,0,0,2,0,0,0,0,0,0,0
Finland,0,0,0,0,0,0,0,0,0,0,0,0,0,0,0,0,0,0,0,0,0,1,0,0,0,0,0,0,0,0,0,0,0,0,0,0,0,0,0,0,0,0,0,0,0,0,0,0,0,0,0,0,0,9,0,0,0,0,0,0,0,0,0,0,0,0,0,0,0,0,0,290,0,0,0,0,0,0,0,0,0,0,0,0,0,1400,0,0,0,300,0,0,0,500,0,0,0,300,0,200,0,0,0,500,0,0,0,500,0
France,0,0,0,0,0,0,0,0,0,0,0,0,0,0,0,0,0,0,0,0,0,2,0,0,2,0,0,0,0,0,0,0,0,0,7,0,0,0,1,0,0,0,0,0,0,0,0,0,0,0,0,0,0,0,0,0,0,0,0,0,2194,0,1044,657,1048,752,17,1502,738,1549,1540,1495,1587,1437,777,1079,2095,1929,1961,1782,1468,806,532,804,2150,1857,1608,1563,595,831,1772,1476,1431,1405,1101,309,610,1373,1342,1248,736,451,222,591,1366,1237,1112,701,256
Gabon,0,0,0,0,0,0,0,0,0,0,0,0,0,0,0,0,0,0,0,0,0,0,0,0,0,0,0,0,0,0,0,0,0,0,0,0,0,0,0,0,0,0,0,0,0,0,0,0,0,0,0,0,0,0,0,0,0,0,0,0,0,0,0,0,0,0,0,0,0,0,0,0,1,0,0,0,0,0,0,0,0,0,0,0,3,0,3,0,0,0,9,8,0,2,4,0,13,10,14,0,0,18,0,8,0,0,17,0,0
Gambia,0,0,0,0,0,0,0,0,0,0,0,0,0,0,0,0,0,0,0,0,0,0,0,0,0,0,0,0,0,0,0,0,0,0,0,0,0,0,0,0,0,0,0,0,0,0,0,0,0,0,0,0,0,0,0,0,0,0,0,0,0,0,0,0,0,0,0,0,0,0,2,0,0,0,0,0,0,0,0,0,0,0,0,0,0,0,0,0,0,0,0,0,0,0,6,0,0,0,0,0,0,1,0,0,0,0,0,0,0
Georgia,0,0,0,0,0,0,0,0,0,0,0,0,0,0,0,0,0,0,0,0,0,0,0,0,0,0,0,0,0,0,0,0,0,0,0,0,0,0,0,0,0,0,0,0,0,0,0,0,0,0,0,0,0,0,1,0,0,0,0,0,2,0,6,1,1,3,0,4,2,1,2,3,2,8,0,3,7,4,1,3,6,7,1,1,2,5,3,7,7,2,2,10,4,21,7,10,7,12,10,6,23,0,16,0,17,29,6,13,9
Germany,0,0,0,0,0,0,0,0,0,0,0,0,0,0,0,0,0,0,0,0,0,0,1,0,0,0,0,11,0,0,2,0,0,0,0,1,1,0,0,0,0,0,0,0,1,1,0,0,0,7,0,21,0,0,21,0,38,8,67,53,33,0,2977,304,2126,985,1823,730,4289,2600,2600,3740,2135,1825,2300,0,7381,10219,6107,1506,3487,2900,4000,3900,4400,4400,6114,2286,2600,3500,3700,4200,3900,6500,0,2200,2500,2900,3000,3100,3400,2100,1600,2100,2400,4800,1800,0,1600
Ghana,0,0,0,0,0,0,0,0,0,0,0,0,0,0,0,0,0,0,0,0,0,0,0,0,0,0,0,0,0,0,0,0,0,0,0,0,0,0,0,0,0,0,0,0,0,0,0,0,0,0,0,0,0,0,0,0,0,0,0,0,0,0,0,0,1,1,0,0,0,29,0,0,0,0,0,0,0,3,-31,1,0,0,0,13,0,66,0,16,0,0,0,0,0,35,0,21,0,33,0,24,0,17,0,65,0,0,9,20,55
Greece,0,0,0,0,0,0,0,0,0,0,0,0,0,0,0,0,0,0,0,0,0,0,0,0,0,0,0,0,0,0,0,0,0,0,0,0,0,0,0,0,0,0,0,0,0,0,0,0,0,0,0,0,8,0,0,0,0,0,11,0,0,0,10,7,0,16,0,0,0,0,0,9,17,0,0,191,0,0,0,0,0,0,0,0,0,0,0,0,0,0,308,0,0,0,0,0,0,0,0,797,0,0,0,0,0,0,0,0,0
Grenada,0,0,0,0,0,0,0,0,0,0,0,0,0,0,0,0,0,0,0,0,0,0,0,0,0,0,0,0,0,0,0,0,0,0,0,0,0,0,0,0,0,0,0,0,0,0,0,0,0,0,0,0,0,0,0,0,0,0,0,0,0,0,0,0,0,0,0,0,0,0,0,0,0,0,0,0,0,0,0,0,0,0,0,0,0,0,6,0,0,0,0,0,0,1,0,0,0,3,3,0,0,0,0,0,0,0,0,0,0
Guatemala,0,0,0,0,0,0,0,0,0,0,0,0,0,0,0,0,0,0,0,0,0,0,0,0,0,0,0,0,0,0,0,0,0,0,0,0,0,0,0,0,0,0,0,0,0,0,0,0,0,0,0,0,0,0,0,0,0,0,0,0,0,0,0,4,0,0,6,0,0,2,0,0,0,3,0,0,2,0,0,0,2,0,0,0,0,0,2,0,0,0,3,0,6,0,15,4,0,0,13,4,6,0,0,7,0,7,4,11,3
Guinea,0,0,0,0,0,0,0,0,0,0,0,0,0,0,0,0,0,0,0,0,0,0,0,0,0,0,0,0,0,0,0,0,0,0,0,0,0,0,0,0,0,0,0,0,0,0,0,0,0,0,0,0,0,0,0,0,0,0,0,0,0,0,0,0,0,0,0,0,0,0,0,0,2,3,0,0,0,0,6,4,2,0,0,14,0,18,10,6,22,35,5,37,6,21,17,0,38,23,44,16,13,63,0,45,48,99,32,34,35
Guinea-Bissau,0,0,0,0,0,0,0,0,0,0,0,0,0,0,0,0,0,0,0,0,0,0,0,0,0,0,0,0,0,0,0,0,0,0,0,0,0,0,0,0,0,0,0,0,0,0,0,0,0,0,0,0,0,0,0,0,0,0,0,0,0,0,0,0,0,0,0,0,0,0,0,0,0,0,0,0,0,0,0,0,0,0,0,0,0,0,0,0,3,0,0,0,0,0,0,0,15,0,1,0,0,0,0,0,0,5,1,0,0
Guyana,0,0,0,0,0,0,0,0,0,0,0,0,0,0,0,0,0,0,0,0,0,0,0,0,0,0,0,0,0,0,0,0,0,0,0,0,0,0,0,0,0,0,0,0,0,0,0,0,0,0,0,0,0,0,0,0,0,0,0,0,0,0,0,0,0,0,0,0,0,0,0,0,0,0,0,8,0,0,0,0,0,0,0,0,0,0,1,0,0,0,0,0,0,3,0,0,3,0,3,4,0,0,0,5,0,0,0,8,0
Haiti,0,0,0,0,0,0,0,0,0,0,0,0,0,0,0,0,0,0,0,0,0,0,0,0,0,0,0,0,0,0,0,0,0,0,0,0,0,0,0,0,0,0,0,0,0,0,0,0,0,0,0,0,0,0,0,0,0,0,0,0,0,0,0,0,0,0,0,1,0,0,0,0,0,0,0,-1,0,0,0,0,0,0,0,0,0,0,0,0,0,0,0,2,0,0,4,1,1,0,0,0,2,0,0,0,0,0,6,1,0
Holy See,0,0,0,0,0,0,0,0,0,0,0,0,0,0,0,0,0,0,0,0,0,0,0,0,0,0,0,0,0,0,0,0,0,0,0,0,0,0,0,0,0,0,0,0,0,0,0,0,0,0,0,0,0,0,0,0,0,0,0,0,0,0,0,0,0,0,0,0,0,0,0,0,0,0,0,0,0,2,0,0,0,0,0,0,0,0,0,0,0,0,0,0,0,0,0,0,0,0,0,0,0,0,0,0,0,0,0,0,0
Honduras,0,0,0,0,0,0,0,0,0,0,0,0,0,0,0,0,0,0,0,0,0,0,0,0,0,0,0,0,0,0,0,0,0,0,0,0,0,0,0,0,0,0,0,0,0,0,0,0,0,0,0,0,0,0,0,0,0,0,0,0,0,0,0,0,0,0,3,0,0,0,0,0,0,0,3,0,0,0,0,1,0,0,0,0,2,0,1,0,5,10,4,1,1,27,7,0,14,0,-6,6,33,4,2,4,0,10,22,38,3
Hungary,0,0,0,0,0,0,0,0,0,0,0,0,0,0,0,0,0,0,0,0,0,0,0,0,0,0,0,0,0,0,0,0,0,0,0,0,0,0,0,0,0,0,0,0,0,0,0,0,0,0,0,0,1,0,0,1,0,0,0,5,9,0,5,0,7,6,0,0,0,3,3,2,1,15,8,1,4,23,2,16,3,3,2,2,70,7,8,24,19,17,20,8,95,68,0,27,13,18,20,45,28,16,4,1,79,50,42,64,39
Iceland,0,0,0,0,0,0,0,0,0,0,0,0,0,0,0,0,0,0,0,0,0,0,0,0,0,0,0,0,0,0,0,0,0,0,0,0,0,0,0,0,0,0,0,0,0,0,0,0,1,0,0,0,0,7,-8,0,5,0,0,17,14,0,15,5,26,15,17,21,22,41,27,59,25,87,32,32,99,74,55,63,90,48,44,56,88,67,80,67,0,71,55,45,47,33,28,38,16,12,20,14,19,17,11,6,10,17,5,10,8
India,0,0,0,0,0,0,0,0,0,0,0,0,0,0,0,0,0,0,0,0,0,0,0,0,0,3,0,0,0,0,0,0,0,0,0,0,0,0,0,0,0,0,0,0,0,0,0,0,1,0,0,0,0,9,0,1,0,1,5,3,4,0,13,3,2,28,11,11,7,21,25,43,1,37,0,146,46,85,114,154,195,111,101,178,73,336,273,422,391,419,702,395,642,486,441,584,614,610,690,631,939,812,956,1072,1295,1189,1445,1111,1414
Indonesia,0,0,0,0,0,0,0,0,0,0,0,0,0,0,0,0,0,0,0,0,0,0,0,0,0,0,0,0,0,0,0,0,0,0,0,0,0,0,0,0,0,0,0,0,0,0,0,0,2,0,0,0,6,0,0,0,3,0,4,0,14,0,1,1,4,11,13,5,11,6,22,9,22,16,14,28,12,18,30,30,4,73,21,46,20,102,59,24,55,61,95,71,47,42,40,65,44,103,137,131,69,74,211,78,243,120,64,113,113
Iran,0,0,0,0,0,0,0,0,0,0,0,0,0,0,0,0,0,0,0,0,0,0,0,0,0,0,0,0,0,0,0,0,0,0,0,49,0,24,50,52,116,0,261,187,174,756,465,260,337,228,0,0,0,1631,0,799,0,321,1035,890,296,0,982,712,832,676,546,712,1520,745,817,1238,1224,1801,0,4500,2803,2773,2497,3156,6482,1947,2089,2146,1804,2296,1835,1923,1036,2250,1692,2148,1730,1756,1594,1464,1276,1506,1352,1312,1215,1032,1072,957,1096,1112,1157,1093,1227
Iraq,0,0,0,0,0,0,0,0,0,0,0,0,0,0,0,0,0,0,0,0,0,0,0,0,0,0,0,0,0,0,0,0,0,0,0,0,0,0,0,0,0,0,0,0,0,0,0,3,0,12,0,9,2,0,0,6,11,0,6,2,6,0,18,28,2,17,9,12,9,18,12,20,24,33,20,65,29,79,44,54,51,39,77,49,46,44,50,47,56,34,53,50,25,33,20,39,23,33,27,29,39,59,17,54,27,31,24,35,41
Ireland,0,0,0,0,0,0,0,0,0,0,0,0,0,0,0,0,0,0,0,0,0,0,0,0,0,0,0,0,0,0,0,0,0,0,0,0,0,0,0,0,0,0,0,0,0,0,0,0,0,0,0,0,0,0,0,5,0,0,0,0,0,0,0,0,0,0,0,0,0,0,0,0,0,20,0,0,0,0,0,0,0,0,0,0,52,0,0,0,0,0,9156,0,0,0,0,0,0,0,4153,0,0,0,0,0,0,3724,0,0,0
Israel,0,0,0,0,0,0,0,0,0,0,0,0,0,0,0,0,0,0,0,0,0,0,0,0,0,0,0,0,0,0,0,0,0,0,0,0,1,0,0,0,0,0,0,0,1,0,0,0,2,0,0,0,0,0,0,7,0,0,3,22,1,0,16,5,10,11,10,43,29,63,17,97,65,24,50,108,185,31,210,172,158,286,228,340,368,255,308,330,298,295,458,708,396,392,432,296,469,546,487,328,595,437,156,315,401,172,236,356,147
Italy,0,0,0,0,0,0,0,0,0,0,0,0,0,0,0,0,0,0,0,0,0,0,0,0,0,0,0,0,0,0,0,1,1,-1,0,2,42,1,0,37,66,11,116,138,109,66,33,102,0,321,0,394,527,369,414,192,1084,415,0,1632,952,0,1302,1036,999,589,1434,646,1590,1109,1118,1431,1480,1238,819,1022,1555,2099,1979,1985,2079,1677,1224,1695,962,2072,2563,2200,2128,1822,2723,2943,3033,2922,2622,1808,1696,2317,2311,4693,2304,1665,1740,1225,2352,8014,3031,2747,4008
Jamaica,0,0,0,0,0,0,0,0,0,0,0,0,0,0,0,0,0,0,0,0,0,0,0,0,0,0,0,0,0,0,0,0,0,0,0,0,0,0,0,0,0,0,0,0,0,0,0,0,0,0,0,0,0,0,2,0,0,0,0,0,0,0,0,0,0,0,0,0,0,0,0,0,0,5,1,0,0,2,2,1,0,0,6,0,2,0,4,0,2,0,0,0,1,0,0,0,1,0,0,0,2,2,5,0,18,1,1,4,0
Japan,0,0,0,0,1,0,0,0,0,0,0,0,0,0,0,0,0,0,0,3,5,0,0,0,3,0,0,1,5,0,4,0,0,0,0,0,0,0,10,0,0,11,0,0,3,30,0,0,25,17,0,0,0,0,26,0,0,6,41,41,3,0,50,25,49,13,32,20,0,0,48,0,42,0,0,61,17,30,10,53,77,0,22,15,54,48,34,134,90,0,80,117,138,36,126,153,90,0,469,92,515,230,776,175,340,0,422,228,760
Jordan,0,0,0,0,0,0,0,0,0,0,0,0,0,0,0,0,0,0,0,0,0,0,0,0,0,0,0,0,0,0,0,0,0,0,0,0,0,0,0,0,0,0,0,0,0,0,0,0,0,0,0,1,0,0,0,0,0,0,0,0,0,0,0,0,0,17,0,0,8,4,6,9,13,16,36,16,12,12,11,9,7,24,14,20,15,9,6,4,7,6,15,18,3,8,6,5,5,6,8,6,2,3,0,3,5,2,4,4,2
Kazakhstan,0,0,0,0,0,0,0,0,0,0,0,0,0,0,0,0,0,0,0,0,0,0,0,0,0,0,0,0,0,0,0,0,0,0,0,0,0,0,0,0,0,0,0,0,0,0,0,0,0,0,0,0,0,0,0,0,0,0,0,0,0,0,0,0,2,1,13,4,1,3,2,1,2,7,6,4,5,3,6,4,17,18,39,65,37,37,70,30,23,47,42,26,45,44,42,36,38,54,45,47,56,63,99,89,106,129,110,113,145
Kenya,0,0,0,0,0,0,0,0,0,0,0,0,0,0,0,0,0,0,0,0,0,0,0,0,0,0,0,0,0,0,0,0,0,0,0,0,0,0,0,0,0,0,0,0,0,0,0,0,0,0,0,0,0,0,0,0,0,0,0,0,0,0,0,1,0,0,0,0,0,0,2,1,0,0,0,0,3,2,3,10,2,1,15,1,12,0,0,7,7,2,5,0,15,5,4,8,8,10,5,15,6,2,15,6,9,8,7,5,5
"Korea, South",0,0,0,0,0,0,0,0,0,0,0,0,0,0,0,0,1,0,2,0,0,4,0,0,2,0,1,2,0,4,0,0,2,0,4,0,0,0,5,3,0,0,11,0,94,0,-17,0,129,41,45,177,0,0,627,270,133,0,0,0,1369,0,598,223,414,384,283,222,195,180,159,261,193,304,138,135,96,82,197,144,126,125,79,87,82,141,72,108,105,72,99,64,224,134,82,47,90,68,137,13,51,60,34,66,50,86,65,84,42
Kosovo,0,0,0,0,0,0,0,0,0,0,0,0,0,0,0,0,0,0,0,0,0,0,0,0,0,0,0,0,0,0,0,0,0,0,0,0,0,0,0,0,0,0,0,0,0,0,0,0,0,0,0,0,0,0,0,0,0,0,0,0,0,0,0,0,0,1,0,0,0,5,4,0,0,6,7,0,1,6,0,22,6,0,0,8,0,13,5,9,9,21,5,10,21,3,3,1,35,31,17,22,0,65,45,22,87,0,72,0,60
Kuwait,0,0,0,0,0,0,0,0,0,0,0,0,0,0,0,0,0,0,0,0,0,0,0,0,0,0,0,0,0,0,0,0,0,0,0,0,0,0,0,0,0,0,0,0,0,0,1,0,0,1,3,0,0,0,4,0,6,3,0,9,0,0,12,4,6,8,7,3,5,1,7,1,1,11,6,4,2,6,0,12,10,9,8,26,30,19,33,22,25,62,45,31,55,115,43,150,206,164,213,150,63,101,73,171,85,187,162,85,156
Kyrgyzstan,0,0,0,0,0,0,0,0,0,0,0,0,0,0,0,0,0,0,0,0,0,0,0,0,0,0,0,0,0,0,0,0,0,0,0,0,0,0,0,0,0,0,0,0,0,0,0,0,0,0,0,0,0,0,0,0,0,0,0,0,0,0,0,0,0,0,0,0,3,0,0,2,1,3,0,24,0,0,2,0,9,10,13,4,7,13,23,16,3,68,15,38,48,43,0,25,25,21,21,25,42,23,37,11,25,14,23,13,8
Laos,0,0,0,0,0,0,0,0,0,0,0,0,0,0,0,0,0,0,0,0,0,0,0,0,0,0,0,0,0,0,0,0,0,0,0,0,0,0,0,0,0,0,0,0,0,0,0,0,0,0,0,0,0,0,0,0,0,0,0,0,0,0,0,0,0,0,0,0,0,0,0,0,0,0,0,0,0,0,0,0,0,0,0,1,0,1,0,0,0,0,0,2,0,0,3,0,0,0,0,1,0,1,0,0,0,1,-1,0,4
Latvia,0,0,0,0,0,0,0,0,0,0,0,0,0,0,0,0,0,0,0,0,0,0,0,0,0,0,0,0,0,0,0,0,0,0,0,0,0,0,0,0,0,0,0,0,0,0,0,0,1,0,0,0,0,0,0,0,0,0,0,0,0,0,0,0,0,0,0,0,0,0,0,30,-30,0,0,15,0,0,0,0,0,0,0,0,28,13,31,0,0,0,45,0,0,134,0,0,0,0,81,0,0,0,0,0,0,116,0,0,0
Lebanon,0,0,0,0,0,0,0,0,0,0,0,0,0,0,0,0,0,0,0,0,0,0,0,0,0,0,0,0,0,0,0,0,0,0,0,0,0,0,0,0,0,0,1,0,0,0,0,0,0,0,0,0,0,0,0,2,0,1,0,0,4,0,0,12,3,4,3,0,5,2,6,3,4,4,0,6,2,0,5,9,1,3,0,0,5,1,0,13,3,1,5,5,27,0,3,2,0,0,5,0,42,5,3,0,6,0,14,3,11
Liberia,0,0,0,0,0,0,0,0,0,0,0,0,0,0,0,0,0,0,0,0,0,0,0,0,0,0,0,0,0,0,0,0,0,0,0,0,0,0,0,0,0,0,0,0,0,0,0,0,0,0,0,0,0,0,0,0,0,0,0,0,0,0,0,0,0,0,0,0,0,0,0,0,0,3,0,0,0,0,0,0,0,0,1,0,0,0,3,0,0,0,0,13,0,5,0,0,0,20,0,0,0,3,10,0,0,17,4,0,0
Libya,0,0,0,0,0,0,0,0,0,0,0,0,0,0,0,0,0,0,0,0,0,0,0,0,0,0,0,0,0,0,0,0,0,0,0,0,0,0,0,0,0,0,0,0,0,0,0,0,0,0,0,0,0,0,0,0,0,0,0,0,0,0,0,0,0,0,0,0,0,1,-1,0,0,0,0,1,0,7,0,0,0,1,0,0,0,2,0,0,0,4,0,0,0,3,0,0,0,0,0,0,0,4,0,1,0,1,0,0,0
Liechtenstein,0,0,0,0,0,0,0,0,0,0,0,0,0,0,0,0,0,0,0,0,0,0,0,0,0,0,0,0,0,0,0,0,0,0,0,0,0,0,0,0,0,0,0,0,0,0,0,0,0,0,0,0,0,0,0,0,0,0,0,0,0,0,0,0,0,0,0,0,0,0,0,0,0,0,0,55,0,0,0,0,0,0,0,0,0,0,0,0,0,0,0,0,0,0,0,0,0,0,0,0,0,0,0,0,0,0,0,0,0
Lithuania,0,0,0,0,0,0,0,0,0,0,0,0,0,0,0,0,0,0,0,0,0,0,0,0,0,0,0,0,0,0,0,0,0,0,0,0,0,0,0,0,0,0,0,0,0,0,0,0,0,0,0,0,0,1,0,0,0,0,0,0,0,0,0,0,0,0,0,0,6,0,0,0,0,0,0,1,0,0,0,46,0,43,4,0,37,40,32,18,14,0,56,59,42,31,30,7,7,62,27,26,5,38,3,3,40,40,21,26,63
Luxembourg,0,0,0,0,0,0,0,0,0,0,0,0,0,0,0,0,0,0,0,0,0,0,0,0,0,0,0,0,0,0,0,0,0,0,0,0,0,0,0,0,0,0,0,0,0,0,0,0,0,0,0,0,0,0,0,0,0,0,0,0,6,0,0,0,0,34,0,0,0,40,0,0,420,0,0,0,0,0,0,0,0,0,0,0,26,26,27,22,26,10,33,41,17,2279,81,16,19,0,11,79,0,105,61,26,7,40,53,21,24
MS Zaandam,0,0,0,0,0,0,0,0,0,0,0,0,0,0,0,0,0,0,0,0,0,0,0,0,0,0,0,0,0,0,0,0,0,0,0,0,0,0,0,0,0,0,0,0,0,0,0,0,0,0,0,0,0,0,0,0,0,0,0,0,0,0,0,0,0,0,0,0,0,0,0,0,0,0,0,0,0,0,0,0,0,0,0,0,0,0,0,0,0,0,0,0,0,0,0,0,0,0,0,0,0,0,0,0,0,0,0,0,0
Madagascar,0,0,0,0,0,0,0,0,0,0,0,0,0,0,0,0,0,0,0,0,0,0,0,0,0,0,0,0,0,0,0,0,0,0,0,0,0,0,0,0,0,0,0,0,0,0,0,0,0,0,0,0,0,0,0,0,0,0,0,0,0,0,0,0,0,0,0,0,0,0,0,0,0,0,2,0,5,4,0,0,0,9,1,2,6,4,0,2,4,2,3,8,6,3,1,9,4,7,8,2,2,3,1,1,2,0,0,0,0
Malawi,0,0,0,0,0,0,0,0,0,0,0,0,0,0,0,0,0,0,0,0,0,0,0,0,0,0,0,0,0,0,0,0,0,0,0,0,0,0,0,0,0,0,0,0,0,0,0,0,0,0,0,0,0,0,0,0,0,0,0,0,0,0,0,0,0,0,0,0,0,0,0,0,0,0,0,0,0,0,0,0,0,0,0,0,0,0,3,0,0,0,0,0,0,1,0,0,0,1,2,0,2,0,0,0,0,0,5,0,0
Malaysia,0,0,0,0,0,0,0,0,0,0,0,0,0,0,0,0,1,0,0,0,2,0,0,0,4,0,0,6,2,0,0,0,0,3,0,0,0,0,0,0,0,4,0,0,0,1,1,0,0,2,0,0,9,7,0,7,11,15,12,27,25,0,44,16,16,44,61,68,91,58,108,122,60,88,90,236,80,166,121,222,165,113,168,202,169,119,201,135,95,98,54,103,90,121,99,100,95,75,55,84,39,116,87,71,83,135,74,88,65
Maldives,0,0,0,0,0,0,0,0,0,0,0,0,0,0,0,0,0,0,0,0,0,0,0,0,0,0,0,0,0,0,0,0,0,0,0,0,0,0,0,0,0,0,0,0,0,0,0,0,0,0,0,0,0,0,0,0,0,0,0,0,0,0,5,3,0,1,0,4,0,0,0,0,0,0,0,0,0,0,0,0,0,1,0,2,0,0,0,0,0,0,0,0,0,0,1,0,0,0,0,0,0,1,0,0,2,0,0,0,9
Mali,0,0,0,0,0,0,0,0,0,0,0,0,0,0,0,0,0,0,0,0,0,0,0,0,0,0,0,0,0,0,0,0,0,0,0,0,0,0,0,0,0,0,0,0,0,0,0,0,0,0,0,0,0,0,0,0,0,0,0,0,0,0,0,0,0,0,0,0,0,0,0,0,0,1,0,8,3,4,6,0,0,0,4,8,0,0,0,7,1,14,1,16,4,10,4,21,1,9,7,6,61,10,7,10,5,33,10,14,13
Malta,0,0,0,0,0,0,0,0,0,0,0,0,0,0,0,0,0,0,0,0,0,0,0,0,0,0,0,0,0,0,0,0,0,0,0,0,0,0,0,0,0,0,0,0,0,0,0,0,0,0,0,1,0,0,1,0,0,0,0,0,0,0,0,0,0,0,0,0,0,0,0,0,0,0,3,0,0,11,0,0,0,28,0,0,0,38,9,8,19,8,24,15,39,19,26,33,4,17,36,12,32,-4,13,7,4,4,6,6,8
Mauritania,0,0,0,0,0,0,0,0,0,0,0,0,0,0,0,0,0,0,0,0,0,0,0,0,0,0,0,0,0,0,0,0,0,0,0,0,0,0,0,0,0,0,0,0,0,0,0,0,0,0,0,0,0,0,0,0,0,0,0,0,0,0,0,0,0,0,0,2,0,0,0,0,0,0,0,0,0,0,0,0,0,0,0,0,0,0,0,0,4,0,0,0,0,0,0,0,0,0,0,0,0,0,0,0,0,0,0,0,0
Mauritius,0,0,0,0,0,0,0,0,0,0,0,0,0,0,0,0,0,0,0,0,0,0,0,0,0,0,0,0,0,0,0,0,0,0,0,0,0,0,0,0,0,0,0,0,0,0,0,0,0,0,0,0,0,0,0,0,0,0,0,0,0,0,0,0,0,0,0,0,0,0,0,0,0,7,0,0,1,11,4,0,5,14,0,9,14,16,27,72,28,16,19,18,5,19,10,4,3,1,3,4,2,2,1,1,3,1,0,0,0
Mexico,0,0,0,0,0,0,0,0,0,0,0,0,0,0,0,0,0,0,0,0,0,0,0,0,0,0,0,0,0,0,0,0,0,0,0,0,0,0,0,0,0,1,0,0,0,0,0,0,3,0,0,0,0,0,0,0,0,0,0,0,0,0,0,0,0,0,0,0,31,0,0,0,598,0,0,0,0,0,0,0,0,1139,71,121,161,0,0,0,502,0,0,0,0,0,4522,1205,732,2337,0,0,954,0,1070,0,3363,971,0,2533,1510
Moldova,0,0,0,0,0,0,0,0,0,0,0,0,0,0,0,0,0,0,0,0,0,0,0,0,0,0,0,0,0,0,0,0,0,0,0,0,0,0,0,0,0,0,0,0,0,0,0,0,0,0,0,0,0,0,0,1,0,0,0,0,0,0,1,0,0,0,0,0,13,3,5,0,3,3,1,7,3,0,10,6,19,19,13,27,37,64,41,115,66,0,48,55,101,94,70,70,30,50,139,68,90,62,48,41,121,114,89,79,99
Monaco,0,0,0,0,0,0,0,0,0,0,0,0,0,0,0,0,0,0,0,0,0,0,0,0,0,0,0,0,0,0,0,0,0,0,0,0,0,0,0,0,0,0,0,0,0,0,0,0,0,0,0,0,0,0,0,0,0,0,0,0,1,0,0,0,0,0,0,0,0,1,0,0,1,0,0,1,0,0,1,0,0,1,0,0,6,0,8,2,0,1,3,0,9,6,1,0,0,8,8,6,9,5,0,0,3,1,0,0,0
Mongolia,0,0,0,0,0,0,0,0,0,0,0,0,0,0,0,0,0,0,0,0,0,0,0,0,0,0,0,0,0,0,0,0,0,0,0,0,0,0,0,0,0,0,0,0,0,0,0,0,0,0,0,0,0,0,0,0,0,0,0,0,0,0,0,0,0,0,0,0,2,0,0,0,0,0,0,0,2,0,0,0,0,0,0,1,0,0,0,0,2,0,1,0,1,0,0,0,1,0,0,0,0,0,0,2,1,0,0,0,1
Montenegro,0,0,0,0,0,0,0,0,0,0,0,0,0,0,0,0,0,0,0,0,0,0,0,0,0,0,0,0,0,0,0,0,0,0,0,0,0,0,0,0,0,0,0,0,0,0,0,0,0,0,0,0,0,0,0,0,0,0,0,0,0,0,0,0,0,0,0,0,0,0,0,0,1,0,0,0,3,0,0,0,1,0,0,41,9,0,0,0,0,33,13,15,7,0,30,0,36,10,4,11,19,12,4,4,0,8,4,2,7
Morocco,0,0,0,0,0,0,0,0,0,0,0,0,0,0,0,0,0,0,0,0,0,0,0,0,0,0,0,0,0,0,0,0,0,0,0,0,0,0,0,0,0,0,0,0,0,0,0,0,0,0,0,1,0,0,0,0,0,0,0,2,0,0,3,1,1,3,0,2,2,9,5,2,26,9,10,5,12,4,12,13,24,31,26,14,12,20,32,33,13,23,43,24,39,30,51,56,102,83,150,56,99,173,182,215,185,179,162,145,137
Mozambique,0,0,0,0,0,0,0,0,0,0,0,0,0,0,0,0,0,0,0,0,0,0,0,0,0,0,0,0,0,0,0,0,0,0,0,0,0,0,0,0,0,0,0,0,0,0,0,0,0,0,0,0,0,0,0,0,0,0,0,0,0,0,0,0,0,0,0,0,0,0,0,0,0,1,0,0,0,0,0,1,0,0,0,0,0,0,0,2,4,0,0,0,1,3,0,0,0,0,0,0,0,6,1,0,0,2,3,3,7
Namibia,0,0,0,0,0,0,0,0,0,0,0,0,0,0,0,0,0,0,0,0,0,0,0,0,0,0,0,0,0,0,0,0,0,0,0,0,0,0,0,0,0,0,0,0,0,0,0,0,0,0,0,0,0,0,0,0,0,0,0,0,0,0,2,0,0,0,0,0,0,0,0,1,0,0,0,0,0,0,0,0,0,0,0,0,0,1,0,2,0,0,0,0,1,0,0,1,0,0,0,0,0,0,0,0,0,0,1,0,1
Nepal,0,0,0,0,0,0,0,0,0,0,0,0,0,0,0,0,0,0,0,0,0,1,0,0,0,0,0,0,0,0,0,0,0,0,0,0,0,0,0,0,0,0,0,0,0,0,0,0,0,0,0,0,0,0,0,0,0,0,0,0,0,0,0,0,0,0,0,0,0,0,0,0,0,0,0,0,0,0,0,0,0,0,0,0,0,1,0,0,2,0,0,3,3,1,1,4,0,0,0,0,0,0,0,0,0,6,0,9,0
Netherlands,0,0,0,0,0,0,0,0,0,0,0,0,0,0,0,0,0,0,0,0,0,0,0,0,0,0,0,0,0,0,0,0,0,0,0,0,0,0,0,0,0,0,0,0,0,0,0,0,0,0,0,0,2,0,0,0,0,0,0,0,0,0,1,1,2,0,0,247,0,0,7,0,0,2,-5,1,14,0,6,9,4,4,0,2,7,7,4,2,5,0,-248,27,0,1,0,15,0,0,2,6,13,0,0,0,1,7,1,0,2
New Zealand,0,0,0,0,0,0,0,0,0,0,0,0,0,0,0,0,0,0,0,0,0,0,0,0,0,0,0,0,0,0,0,0,0,0,0,0,0,0,0,0,0,0,0,0,0,0,0,0,0,0,0,0,0,0,0,0,0,0,0,0,0,0,12,10,5,10,13,6,7,11,9,9,11,24,29,20,65,41,35,56,49,49,75,82,100,42,46,51,45,62,32,30,59,23,24,38,34,15,12,11,11,3,10,26,14,16,15,21,3
Nicaragua,0,0,0,0,0,0,0,0,0,0,0,0,0,0,0,0,0,0,0,0,0,0,0,0,0,0,0,0,0,0,0,0,0,0,0,0,0,0,0,0,0,0,0,0,0,0,0,0,0,0,0,0,0,0,0,0,0,0,0,0,0,0,0,0,0,0,0,0,0,0,0,0,0,0,0,0,0,0,0,0,0,4,0,0,0,0,0,2,0,0,1,0,0,0,0,0,0,0,0,0,0,0,0,0,0,0,0,0,0
Niger,0,0,0,0,0,0,0,0,0,0,0,0,0,0,0,0,0,0,0,0,0,0,0,0,0,0,0,0,0,0,0,0,0,0,0,0,0,0,0,0,0,0,0,0,0,0,0,0,0,0,0,0,0,0,0,0,0,0,0,0,0,0,0,0,0,0,0,0,0,0,0,0,0,0,13,13,0,2,12,1,0,34,0,15,0,0,20,3,4,0,10,66,63,33,36,25,35,18,32,17,26,29,11,16,9,18,25,14,17
Nigeria,0,0,0,0,0,0,0,0,0,0,0,0,0,0,0,0,0,0,0,0,0,0,0,0,0,0,0,0,0,0,0,0,0,0,0,0,0,0,0,0,0,0,0,0,0,0,0,0,0,0,0,0,0,0,0,0,1,0,0,0,1,0,0,0,0,1,0,0,5,0,1,11,5,0,8,2,9,0,7,7,12,15,6,8,29,24,7,7,4,18,0,9,0,11,14,17,16,0,52,12,32,0,49,17,64,53,67,78,66
North Macedonia,0,0,0,0,0,0,0,0,0,0,0,0,0,0,0,0,0,0,0,0,0,0,0,0,0,0,0,0,0,0,0,0,0,0,0,0,0,0,0,0,0,0,0,0,0,0,0,0,0,0,0,1,0,0,0,0,0,0,0,0,0,0,0,0,2,0,0,0,9,0,5,0,3,0,3,7,0,5,2,4,0,0,3,42,12,23,18,25,15,21,24,48,29,36,37,126,53,36,38,111,69,45,93,47,21,44,22,20,13
Norway,0,0,0,0,0,0,0,0,0,0,0,0,0,0,0,0,0,0,0,0,0,0,0,0,0,0,0,0,0,0,0,0,0,0,0,0,0,0,0,0,0,0,0,0,0,0,0,1,0,0,0,0,0,0,0,0,0,0,0,0,0,0,5,0,0,0,1,0,5,1,0,19,0,0,0,0,0,0,0,0,0,0,0,0,0,0,0,0,0,0,0,0,0,0,0,0,0,0,0,0,0,0,0,0,0,0,0,0,0
Oman,0,0,0,0,0,0,0,0,0,0,0,0,0,0,0,0,0,0,0,0,0,0,0,0,0,0,0,0,0,0,0,0,0,0,0,0,0,0,1,0,0,1,0,0,0,0,0,0,7,0,0,0,0,0,0,0,3,0,0,0,5,0,0,0,6,0,0,0,6,5,0,23,0,4,0,0,6,5,37,0,0,0,15,6,1,45,0,0,57,5,0,0,69,18,4,4,31,0,0,131,0,255,0,66,42,30,92,45,43
Pakistan,0,0,0,0,0,0,0,0,0,0,0,0,0,0,0,0,0,0,0,0,0,0,0,0,0,0,0,0,0,0,0,0,0,0,0,0,0,0,0,0,0,0,0,0,0,0,1,0,0,1,0,0,0,0,0,0,0,11,0,0,-8,0,13,3,0,2,6,0,47,0,18,31,1,5,80,48,170,38,105,155,35,266,67,283,68,199,120,67,36,102,103,83,371,228,111,70,93,204,192,890,400,102,297,521,166,663,0,1066,279
Panama,0,0,0,0,0,0,0,0,0,0,0,0,0,0,0,0,0,0,0,0,0,0,0,0,0,0,0,0,0,0,0,0,0,0,0,0,0,0,0,0,0,0,0,0,0,0,0,0,0,0,0,0,0,0,0,0,0,0,0,0,0,0,1,0,1,0,0,2,0,5,0,0,1,3,0,0,1,2,0,0,1,6,6,32,11,3,23,24,18,25,39,27,40,48,19,0,117,0,72,49,46,19,0,0,182,36,27,0,3615
Papua New Guinea,0,0,0,0,0,0,0,0,0,0,0,0,0,0,0,0,0,0,0,0,0,0,0,0,0,0,0,0,0,0,0,0,0,0,0,0,0,0,0,0,0,0,0,0,0,0,0,0,0,0,0,0,0,0,0,0,0,0,0,0,0,0,0,0,0,0,0,0,0,0,0,0,0,0,0,0,0,0,0,0,0,0,0,0,0,0,0,0,0,0,0,0,0,0,0,0,0,0,0,0,0,0,0,8,0,0,0,0,0
Paraguay,0,0,0,0,0,0,0,0,0,0,0,0,0,0,0,0,0,0,0,0,0,0,0,0,0,0,0,0,0,0,0,0,0,0,0,0,0,0,0,0,0,0,0,0,0,0,0,0,0,0,0,0,0,0,0,0,0,0,0,0,0,0,0,0,0,1,0,0,0,0,0,1,4,6,0,0,3,0,3,0,0,4,0,0,1,7,0,5,6,5,7,9,5,11,7,0,8,9,0,11,2,4,7,4,5,7,6,4,3
Peru,0,0,0,0,0,0,0,0,0,0,0,0,0,0,0,0,0,0,0,0,0,0,0,0,0,0,0,0,0,0,0,0,0,0,0,0,0,0,0,0,0,0,0,0,0,0,0,0,0,0,0,0,0,0,0,1,0,0,0,0,0,0,0,0,13,2,0,0,37,341,0,143,0,377,75,8,304,32,105,131,170,59,844,227,239,3012,421,143,127,157,14,45,395,74,301,291,337,754,858,368,724,1305,1116,877,986,2114,861,624,1234
Philippines,0,0,0,0,0,0,0,0,0,0,0,0,0,0,0,0,0,0,0,0,0,1,0,0,0,0,0,0,0,0,0,0,0,0,0,0,0,0,0,0,0,0,0,0,0,0,0,0,1,0,0,0,0,0,0,3,0,3,0,5,4,0,3,6,2,3,4,7,0,7,1,1,1,5,7,9,11,12,28,16,17,40,45,53,58,82,52,29,56,41,41,39,29,40,30,70,70,43,48,20,41,40,90,101,93,98,112,116,108
Poland,0,0,0,0,0,0,0,0,0,0,0,0,0,0,0,0,0,0,0,0,0,0,0,0,0,0,0,0,0,0,0,0,0,0,0,0,0,0,0,0,0,0,0,0,0,0,0,0,0,0,0,0,0,0,13,0,0,-12,0,0,0,0,0,6,0,0,0,0,0,0,40,9,0,60,18,28,29,31,62,34,57,64,48,131,50,106,92,115,59,93,164,216,227,204,182,139,201,189,370,211,255,271,183,150,185,375,207,322,253
Portugal,0,0,0,0,0,0,0,0,0,0,0,0,0,0,0,0,0,0,0,0,0,0,0,0,0,0,0,0,0,0,0,0,0,0,0,0,0,0,0,0,0,0,0,0,0,0,0,0,0,0,0,1,1,0,1,0,0,0,2,0,0,0,17,0,21,0,0,0,0,0,0,25,0,7,0,65,44,12,9,28,33,11,0,70,36,110,26,91,0,0,307,226,58,27,49,52,28,32,81,49,128,24,18,23,31,333,182,164,77
Qatar,0,0,0,0,0,0,0,0,0,0,0,0,0,0,0,0,0,0,0,0,0,0,0,0,0,0,0,0,0,0,0,0,0,0,0,0,0,0,0,0,0,0,0,0,0,0,0,0,0,0,0,0,4,0,0,0,0,0,6,17,6,0,8,0,2,0,2,3,3,11,9,1,21,16,14,8,19,28,28,21,20,28,59,39,33,9,49,46,8,37,59,75,61,59,120,83,54,68,109,129,64,98,130,146,114,146,216,84,79
Romania,0,0,0,0,0,0,0,0,0,0,0,0,0,0,0,0,0,0,0,0,0,0,0,0,0,0,0,0,0,0,0,0,0,0,0,0,0,0,0,0,0,0,1,0,0,2,0,0,0,3,0,1,2,0,0,7,3,6,0,27,12,0,15,7,8,21,24,67,3,11,32,15,16,46,45,32,54,68,119,82,29,94,62,137,166,140,151,222,162,125,136,253,72,339,73,164,87,263,165,448,311,219,322,400,185,334,356,279,489
Russia,0,0,0,0,0,0,0,0,0,0,0,0,0,0,0,0,0,0,0,0,0,2,0,0,0,0,0,0,0,0,0,0,0,0,0,0,0,0,0,0,0,0,0,0,0,0,1,0,0,0,0,0,5,0,0,0,0,1,0,3,4,0,6,7,9,7,4,15,2,55,69,45,46,52,22,51,88,86,118,97,250,246,179,224,292,318,286,467,234,155,427,547,471,677,682,517,579,1110,1830,1333,1601,1793,1626,1456,1770,1462,2476,2805,5308
Rwanda,0,0,0,0,0,0,0,0,0,0,0,0,0,0,0,0,0,0,0,0,0,0,0,0,0,0,0,0,0,0,0,0,0,0,0,0,0,0,0,0,0,0,0,0,0,0,0,0,0,0,0,0,0,0,0,0,0,0,0,0,0,0,0,0,0,0,0,0,0,0,0,0,0,0,4,0,3,0,0,0,11,7,17,7,5,6,5,4,7,0,8,0,3,0,1,4,1,2,3,6,5,11,4,4,1,1,3,3,4
Saint Kitts and Nevis,0,0,0,0,0,0,0,0,0,0,0,0,0,0,0,0,0,0,0,0,0,0,0,0,0,0,0,0,0,0,0,0,0,0,0,0,0,0,0,0,0,0,0,0,0,0,0,0,0,0,0,0,0,0,0,0,0,0,0,0,0,0,0,0,0,0,0,0,0,0,0,0,0,0,0,0,0,0,0,0,0,0,0,0,0,0,0,0,0,0,0,1,0,1,0,0,0,2,0,2,2,0,0,0,4,0,0,1,1
Saint Lucia,0,0,0,0,0,0,0,0,0,0,0,0,0,0,0,0,0,0,0,0,0,0,0,0,0,0,0,0,0,0,0,0,0,0,0,0,0,0,0,0,0,0,0,0,0,0,0,0,0,0,0,0,0,0,0,0,0,0,0,0,0,0,0,0,0,1,0,0,0,0,0,0,0,0,0,0,0,0,0,0,0,3,0,7,0,0,0,0,0,2,0,2,0,0,0,0,0,0,0,0,0,0,0,0,0,0,2,0,0
Saint Vincent and the Grenadines,0,0,0,0,0,0,0,0,0,0,0,0,0,0,0,0,0,0,0,0,0,0,0,0,0,0,0,0,0,0,0,0,0,0,0,0,0,0,0,0,0,0,0,0,0,0,0,0,0,0,0,0,0,0,0,0,0,0,0,0,0,0,0,0,0,0,1,0,0,0,0,0,0,0,0,0,0,0,0,0,0,0,0,0,0,0,0,0,0,0,1,1,0,2,0,0,3,0,0,0,0,0,0,1,0,0,0,0,0
San Marino,0,0,0,0,0,0,0,0,0,0,0,0,0,0,0,0,0,0,0,0,0,0,0,0,0,0,0,0,0,0,0,0,0,0,0,0,0,0,0,0,0,0,0,0,0,0,0,0,0,0,0,0,4,0,0,0,0,0,0,0,0,0,0,0,0,0,2,0,7,0,0,8,0,6,8,0,5,0,9,1,3,0,0,0,0,2,2,3,0,1,1,0,1,1,0,0,0,0,5,9,4,1,3,0,6,5,9,8,12
Sao Tome and Principe,0,0,0,0,0,0,0,0,0,0,0,0,0,0,0,0,0,0,0,0,0,0,0,0,0,0,0,0,0,0,0,0,0,0,0,0,0,0,0,0,0,0,0,0,0,0,0,0,0,0,0,0,0,0,0,0,0,0,0,0,0,0,0,0,0,0,0,0,0,0,0,0,0,0,0,0,0,0,0,0,0,0,0,0,0,0,0,0,0,0,0,0,0,0,0,0,0,4,0,0,0,0,0,0,0,0,0,0,0
Saudi Arabia,0,0,0,0,0,0,0,0,0,0,0,0,0,0,0,0,0,0,0,0,0,0,0,0,0,0,0,0,0,0,0,0,0,0,0,0,0,0,0,0,0,0,0,0,0,0,0,0,1,0,0,0,0,0,1,4,0,0,2,8,0,0,12,1,4,2,2,29,49,50,99,64,23,69,68,63,64,16,35,19,35,41,44,84,42,59,59,280,69,92,150,172,113,124,166,142,174,253,169,210,392,210,369,342,955,1352,1015,1322,1024
Senegal,0,0,0,0,0,0,0,0,0,0,0,0,0,0,0,0,0,0,0,0,0,0,0,0,0,0,0,0,0,0,0,0,0,0,0,0,0,0,0,0,0,0,0,0,0,0,1,0,0,0,0,0,0,0,1,0,0,0,0,3,0,0,3,1,0,2,7,9,0,13,5,10,11,6,10,10,13,8,10,14,15,19,7,5,7,4,4,13,9,15,7,11,4,5,14,7,1,12,19,19,22,12,4,43,55,23,69,49,32
Serbia,0,0,0,0,0,0,0,0,0,0,0,0,0,0,0,0,0,0,0,0,0,0,0,0,0,0,0,0,0,0,0,0,0,0,0,0,0,0,0,0,0,0,0,0,0,0,0,0,0,0,0,0,0,0,1,0,0,0,0,0,0,0,14,0,-15,0,0,0,0,0,0,0,0,0,0,0,0,0,0,0,0,0,0,0,0,0,534,103,116,117,107,48,42,27,58,30,27,51,32,51,0,83,125,23,149,248,189,293,279
Seychelles,0,0,0,0,0,0,0,0,0,0,0,0,0,0,0,0,0,0,0,0,0,0,0,0,0,0,0,0,0,0,0,0,0,0,0,0,0,0,0,0,0,0,0,0,0,0,0,0,0,0,0,0,0,0,0,0,0,0,0,0,0,0,0,0,0,0,0,0,0,0,0,0,0,0,0,0,0,0,0,0,0,0,0,0,0,0,5,0,0,0,0,0,1,0,0,0,0,0,0,0,0,0,0,0,2,0,0,0,0
Sierra Leone,0,0,0,0,0,0,0,0,0,0,0,0,0,0,0,0,0,0,0,0,0,0,0,0,0,0,0,0,0,0,0,0,0,0,0,0,0,0,0,0,0,0,0,0,0,0,0,0,0,0,0,0,0,0,0,0,0,0,0,0,0,0,0,0,0,0,0,0,0,0,0,0,0,0,0,0,0,0,0,0,0,0,0,0,0,0,0,0,6,0,0,0,4,0,0,0,0,2,0,9,0,0,8,8,6,11,0,0,4
Singapore,0,0,0,0,0,0,0,0,0,0,0,0,0,0,0,0,0,2,0,0,7,6,0,2,1,0,6,5,5,0,3,0,14,0,2,9,0,0,10,0,6,0,0,0,0,0,0,0,0,18,0,1,8,0,4,5,0,0,10,16,4,0,12,4,12,11,15,14,16,12,5,21,16,15,23,24,33,29,54,32,36,32,26,25,41,31,25,32,28,33,38,57,28,32,46,58,35,33,60,56,24,79,61,49,62,115,78,328,256
Slovakia,0,0,0,0,0,0,0,0,0,0,0,0,0,0,0,0,0,0,0,0,0,0,0,0,0,0,0,0,0,0,0,0,0,0,0,0,0,0,0,0,0,0,0,0,0,0,0,0,0,0,0,0,0,0,0,0,0,0,0,0,7,0,0,0,-5,0,0,0,5,-4,0,2,5,0,0,-2,5,3,7,0,0,0,84,6,38,16,8,38,16,22,7,26,4,67,31,8,9,20,61,40,34,50,11,24,98,21,44,99,14
Slovenia,0,0,0,0,0,0,0,0,0,0,0,0,0,0,0,0,0,0,0,0,0,0,0,0,0,0,0,0,0,0,0,0,0,0,0,0,0,0,0,0,0,0,0,0,0,0,0,0,0,0,0,0,0,0,0,0,0,0,0,0,0,0,0,10,0,0,0,0,0,0,0,60,0,9,0,23,0,18,8,9,11,2,2,0,13,9,0,16,2,1,4,8,6,0,8,2,0,2,7,3,0,6,2,0,3,2,1,5,3
Somalia,0,0,0,0,0,0,0,0,0,0,0,0,0,0,0,0,0,0,0,0,0,0,0,0,0,0,0,0,0,0,0,0,0,0,0,0,0,0,0,0,0,0,0,0,0,0,0,0,0,0,0,0,0,0,0,0,0,0,0,0,0,0,0,0,0,0,0,0,0,1,0,0,0,0,0,0,0,0,0,0,0,1,0,0,0,0,0,0,1,1,0,0,4,0,0,2,0,9,1,11,0,3,10,17,14,12,19,0,4
South Africa,0,0,0,0,0,0,0,0,0,0,0,0,0,0,0,0,0,0,0,0,0,0,0,0,0,0,0,0,0,0,0,0,0,0,0,0,0,0,0,0,0,0,0,0,0,0,0,0,0,0,0,0,0,0,0,0,0,0,0,0,0,0,4,8,0,19,0,0,0,0,19,0,45,0,0,0,0,0,0,315,0,0,0,0,0,493,0,0,0,152,0,0,418,0,0,0,0,600,0,0,309,167,0,197,0,407,0,0,830
South Sudan,0,0,0,0,0,0,0,0,0,0,0,0,0,0,0,0,0,0,0,0,0,0,0,0,0,0,0,0,0,0,0,0,0,0,0,0,0,0,0,0,0,0,0,0,0,0,0,0,0,0,0,0,0,0,0,0,0,0,0,0,0,0,0,0,0,0,0,0,0,0,0,0,0,0,0,0,0,0,0,0,0,0,0,0,0,0,0,0,0,0,0,0,0,0,0,0,0,0,0,0,0,0,0,0,0,0,0,2,0
Spain,0,0,0,0,0,0,0,0,0,0,0,0,0,0,0,0,0,0,0,0,0,0,0,0,2,0,0,0,0,0,0,0,0,0,0,0,0,0,0,0,0,0,0,0,0,28,0,2,0,151,0,10,324,0,13,498,53,26,481,537,450,0,1219,1573,1648,2342,2928,2424,2071,2479,3388,4096,3770,3706,3861,2357,2771,4813,4144,3503,3441,3282,2336,2777,3349,3944,0,0,2560,3230,1927,3401,3335,3105,3353,2664,2503,1673,6399,3103,0,5198,1654,2441,2143,2516,2509,2637,2804
Sri Lanka,0,0,0,0,0,0,0,0,0,0,0,0,0,0,0,0,0,1,0,0,0,0,0,0,0,0,0,0,0,0,0,0,0,0,0,0,0,0,0,0,0,0,0,0,0,0,0,0,0,0,0,0,0,0,0,0,0,2,0,-2,2,0,-1,1,4,0,2,2,4,2,4,0,3,3,6,5,4,2,5,5,0,2,0,5,2,5,9,9,10,2,4,3,2,2,9,2,6,8,2,18,8,10,12,10,19,2,17,8,20
Sudan,0,0,0,0,0,0,0,0,0,0,0,0,0,0,0,0,0,0,0,0,0,0,0,0,0,0,0,0,0,0,0,0,0,0,0,0,0,0,0,0,0,0,0,0,0,0,0,0,0,0,0,0,0,0,0,0,0,0,0,0,0,0,0,0,0,0,0,0,0,1,1,0,0,0,0,0,0,0,0,0,0,0,2,0,0,0,0,2,0,2,0,4,2,0,5,1,1,10,1,7,7,6,0,9,9,10,12,10,17
Suriname,0,0,0,0,0,0,0,0,0,0,0,0,0,0,0,0,0,0,0,0,0,0,0,0,0,0,0,0,0,0,0,0,0,0,0,0,0,0,0,0,0,0,0,0,0,0,0,0,0,0,0,0,0,0,0,0,0,0,0,0,0,0,0,0,0,0,0,0,0,0,0,0,0,0,0,0,0,3,1,0,0,0,2,0,0,0,0,0,0,0,0,0,0,1,0,0,0,0,1,0,0,0,1,0,0,0,0,0,0
Sweden,0,0,0,0,0,0,0,0,0,0,0,0,0,0,0,0,0,0,0,0,0,0,0,0,0,0,0,0,0,0,0,0,0,0,0,0,0,0,0,0,0,0,0,0,0,0,0,1,0,0,0,0,0,0,0,0,0,15,0,0,0,0,0,0,0,0,0,0,0,0,87,0,102,0,0,0,0,0,0,176,0,0,0,0,0,169,0,0,0,0,0,0,0,455,0,0,0,0,0,0,0,0,0,3069,0,0,897,0,0
Switzerland,0,0,0,0,0,0,0,0,0,0,0,0,0,0,0,0,0,0,0,0,0,0,0,0,0,0,0,0,0,0,0,0,0,0,0,0,0,0,0,0,0,2,1,0,0,0,0,0,0,1,0,0,0,0,0,0,11,0,0,0,116,0,0,0,0,1399,0,65,228,0,1144,1046,833,1569,0,1641,648,1096,800,500,1000,600,1000,0,1700,500,500,700,700,800,800,500,700,400,300,500,400,400,0,800,500,300,300,700,200,300,200,200,300
Syria,0,0,0,0,0,0,0,0,0,0,0,0,0,0,0,0,0,0,0,0,0,0,0,0,0,0,0,0,0,0,0,0,0,0,0,0,0,0,0,0,0,0,0,0,0,0,0,0,0,0,0,0,0,0,0,0,0,0,0,0,0,0,0,0,0,0,0,0,0,0,0,0,0,2,0,0,1,1,0,0,1,0,0,0,0,0,0,0,0,0,1,0,0,0,5,3,5,2,0,0,6,0,0,0,0,0,0,2,0
Taiwan*,0,0,0,0,0,0,0,0,0,0,0,0,0,0,0,1,0,0,0,0,0,0,0,1,0,0,0,0,0,0,0,0,0,3,0,0,0,1,3,0,3,0,0,0,0,0,1,2,2,0,3,0,0,0,0,2,0,4,0,2,0,0,1,0,0,0,1,0,9,0,0,6,5,0,0,7,0,4,6,24,8,10,0,15,0,31,11,12,11,14,14,19,17,11,11,6,9,17,4,11,2,0,8,2,0,5,8,8,6
Tajikistan,0,0,0,0,0,0,0,0,0,0,0,0,0,0,0,0,0,0,0,0,0,0,0,0,0,0,0,0,0,0,0,0,0,0,0,0,0,0,0,0,0,0,0,0,0,0,0,0,0,0,0,0,0,0,0,0,0,0,0,0,0,0,0,0,0,0,0,0,0,0,0,0,0,0,0,0,0,0,0,0,0,0,0,0,0,0,0,0,0,0,0,0,0,0,0,0,0,0,0,0,0,0,0,0,0,0,0,0,0
Tanzania,0,0,0,0,0,0,0,0,0,0,0,0,0,0,0,0,0,0,0,0,0,0,0,0,0,0,0,0,0,0,0,0,0,0,0,0,0,0,0,0,0,0,0,0,0,0,0,0,0,0,0,0,0,0,0,0,0,0,0,0,0,0,0,0,0,1,0,0,0,0,0,1,1,0,0,0,2,0,0,0,0,0,2,0,4,0,0,0,0,0,0,0,0,37,0,0,0,0,119,0,0,0,0,0,0,0,0,16,0
Thailand,0,0,0,0,2,0,3,0,0,0,0,0,0,0,0,0,0,5,0,0,0,0,2,0,0,2,1,0,0,0,2,0,4,0,1,0,0,6,0,0,3,0,0,0,0,0,0,0,2,1,0,1,0,0,0,6,1,0,0,0,2,0,8,18,18,9,0,0,132,113,163,0,107,62,119,0,95,0,52,73,122,83,70,117,92,96,96,98,141,71,109,244,78,117,0,47,15,43,13,19,35,13,7,1,7,14,11,12,3
Timor-Leste,0,0,0,0,0,0,0,0,0,0,0,0,0,0,0,0,0,0,0,0,0,0,0,0,0,0,0,0,0,0,0,0,0,0,0,0,0,0,0,0,0,0,0,0,0,0,0,0,0,0,0,0,0,0,0,0,0,0,0,0,0,0,0,0,0,0,0,0,0,0,0,0,0,0,0,0,0,0,0,1,0,0,0,0,0,0,0,0,0,0,0,0,0,1,0,0,0,4,0,10,0,0,0,4,0,0,1,0,0
Togo,0,0,0,0,0,0,0,0,0,0,0,0,0,0,0,0,0,0,0,0,0,0,0,0,0,0,0,0,0,0,0,0,0,0,0,0,0,0,0,0,0,0,0,0,0,0,0,0,0,0,0,0,0,0,0,0,0,0,1,0,0,0,0,0,0,0,0,0,0,9,0,7,0,0,3,3,0,0,1,1,0,4,0,3,3,10,3,1,3,1,3,0,3,0,3,0,0,1,1,1,1,0,1,7,0,3,8,0,2
Trinidad and Tobago,0,0,0,0,0,0,0,0,0,0,0,0,0,0,0,0,0,0,0,0,0,0,0,0,0,0,0,0,0,0,0,0,0,0,0,0,0,0,0,0,0,0,0,0,0,0,0,0,0,0,0,0,0,0,0,0,0,0,0,1,0,0,-1,0,0,1,0,0,0,0,0,0,0,0,0,0,0,0,0,0,11,4,0,1,2,1,0,1,0,1,6,9,11,0,5,1,5,0,12,1,11,5,5,6,4,0,0,0,1
Tunisia,0,0,0,0,0,0,0,0,0,0,0,0,0,0,0,0,0,0,0,0,0,0,0,0,0,0,0,0,0,0,0,0,0,0,0,0,0,0,0,0,0,0,0,0,0,0,0,0,0,0,0,0,0,0,0,0,0,0,0,0,1,0,0,1,0,0,0,0,1,0,2,0,0,0,0,0,20,0,0,0,18,0,0,0,0,0,0,0,0,105,0,42,0,4,13,9,63,0,15,11,11,7,5,78,76,109,9,38,22
Turkey,0,0,0,0,0,0,0,0,0,0,0,0,0,0,0,0,0,0,0,0,0,0,0,0,0,0,0,0,0,0,0,0,0,0,0,0,0,0,0,0,0,0,0,0,0,0,0,0,0,0,0,0,0,0,0,0,0,0,0,0,0,0,0,26,0,16,28,35,57,81,90,82,69,302,256,284,256,264,296,281,542,481,511,842,875,1415,1542,1822,1523,1454,1488,1559,2014,3246,3845,3558,4651,5018,5231,4846,4922,4451,4892,5015,5119,4917,4782,3412,3084
US,0,0,0,0,0,0,0,0,0,0,0,0,0,0,0,0,0,0,3,0,0,0,0,0,0,0,0,0,0,0,2,0,0,0,1,0,0,1,0,0,0,0,0,0,0,0,0,0,1,0,4,0,0,0,5,0,88,16,26,29,2,0,170,13,320,188,203,1593,2979,1380,1450,527,706,4945,2796,2133,2182,1796,1851,3380,2480,1718,10494,4281,4333,2607,3842,6295,5497,1992,2875,2162,2837,18876,1293,6616,4436,4512,4784,33227,10068,11367,4770,7028,2611,119,5126,3957,13541
Uganda,0,0,0,0,0,0,0,0,0,0,0,0,0,0,0,0,0,0,0,0,0,0,0,0,0,0,0,0,0,0,0,0,0,0,0,0,0,0,0,0,0,0,0,0,0,0,0,0,0,0,0,0,0,0,0,0,0,0,0,0,0,0,0,0,0,0,0,0,0,0,0,0,0,0,0,0,0,0,0,0,4,0,3,1,4,8,0,2,6,10,0,7,1,0,0,0,1,5,0,0,0,0,0,3,0,0,0,0,0
Ukraine,0,0,0,0,0,0,0,0,0,0,0,0,0,0,0,0,0,0,0,0,0,0,0,0,0,0,0,0,0,0,0,0,0,0,0,0,0,0,0,0,0,0,0,0,0,0,0,0,0,0,0,0,0,0,0,0,0,0,0,1,0,0,0,0,0,4,0,1,2,2,3,6,3,3,3,0,0,7,10,16,18,10,8,22,24,43,60,29,72,12,8,57,80,278,0,58,24,128,111,135,175,85,50,71,256,222,299,310,203
United Arab Emirates,0,0,0,0,0,0,0,0,0,0,0,0,0,0,0,0,0,0,0,0,0,1,0,0,2,1,0,0,0,0,0,0,0,0,0,0,0,1,0,0,0,0,0,0,0,2,0,0,5,5,0,0,0,6,0,0,3,5,0,7,0,0,7,7,0,0,0,6,3,0,0,35,12,17,19,23,19,53,29,150,170,92,172,81,101,61,93,0,98,74,83,103,91,123,127,91,112,91,148,100,114,121,99,203,187,206,213,265,458
United Kingdom,0,0,0,0,0,0,0,0,0,0,0,0,0,0,0,0,0,0,0,0,0,1,0,0,0,7,0,0,0,0,0,0,0,0,0,0,0,0,0,0,0,0,0,0,0,10,0,0,1,0,0,0,0,0,2,32,14,0,0,0,0,0,73,0,10,1,0,0,20,8,0,13,16,7,14,58,38,20,14,229,34,4,-322,19,45,7,19,20,22,10,192,45,29,12,50,4,29,6,44,2,33,4,5,9,16,8,36,27,4
Uruguay,0,0,0,0,0,0,0,0,0,0,0,0,0,0,0,0,0,0,0,0,0,0,0,0,0,0,0,0,0,0,0,0,0,0,0,0,0,0,0,0,0,0,0,0,0,0,0,0,0,0,0,0,0,0,0,0,0,0,0,0,0,0,0,0,0,0,0,0,0,41,21,6,18,7,11,19,27,42,14,8,10,7,17,12,12,14,8,4,0,15,11,13,17,15,1,5,11,8,18,5,18,5,2,5,21,18,6,14,7
Uzbekistan,0,0,0,0,0,0,0,0,0,0,0,0,0,0,0,0,0,0,0,0,0,0,0,0,0,0,0,0,0,0,0,0,0,0,0,0,0,0,0,0,0,0,0,0,0,0,0,0,0,0,0,0,0,0,0,0,0,0,0,0,0,0,0,0,0,5,0,2,0,0,5,13,0,0,5,0,0,0,8,4,0,24,19,14,8,22,27,38,31,36,96,93,111,60,86,82,103,100,104,37,79,59,48,86,96,76,79,119,71
Venezuela,0,0,0,0,0,0,0,0,0,0,0,0,0,0,0,0,0,0,0,0,0,0,0,0,0,0,0,0,0,0,0,0,0,0,0,0,0,0,0,0,0,0,0,0,0,0,0,0,0,0,0,0,0,0,0,0,0,0,0,0,15,0,0,0,0,16,8,0,0,0,2,2,9,0,0,13,0,0,19,0,9,0,17,0,1,0,0,2,4,0,0,5,4,6,0,5,5,0,0,0,6,0,10,0,0,18,9,5,0
Vietnam,0,0,0,0,0,0,0,0,0,0,1,0,0,0,0,0,0,0,0,0,5,0,1,0,0,0,0,0,0,0,7,0,0,0,2,0,0,0,0,0,0,0,0,0,0,0,0,0,0,0,0,0,0,0,0,0,0,0,0,1,0,0,0,0,3,0,1,4,30,3,5,12,10,5,0,5,28,3,2,16,0,0,2,23,2,6,21,3,1,12,2,7,1,-4,5,0,0,-3,0,-3,0,0,0,0,13,0,1,8,0
West Bank and Gaza,0,0,0,0,0,0,0,0,0,0,0,0,0,0,0,0,0,0,0,0,0,0,0,0,0,0,0,0,0,0,0,0,0,0,0,0,0,0,0,0,0,0,0,0,0,0,0,0,0,0,0,0,0,0,0,0,0,0,17,0,0,0,0,0,0,0,1,0,0,0,0,0,3,0,4,-1,18,2,0,1,12,1,0,4,1,0,6,0,2,0,0,0,3,7,2,0,0,-12,0,5,0,0,1,25,25,47,2,52,0
Western Sahara,0,0,0,0,0,0,0,0,0,0,0,0,0,0,0,0,0,0,0,0,0,0,0,0,0,0,0,0,0,0,0,0,0,0,0,0,0,0,0,0,0,0,0,0,0,0,0,0,0,0,0,0,0,0,0,0,0,0,0,0,0,0,0,0,0,0,0,0,0,0,0,0,0,0,0,0,0,0,0,0,0,0,0,0,0,0,0,0,0,0,0,0,5,0,0,0,0,0,0,0,0,0,0,0,0,0,0,0,0
Yemen,0,0,0,0,0,0,0,0,0,0,0,0,0,0,0,0,0,0,0,0,0,0,0,0,0,0,0,0,0,0,0,0,0,0,0,0,0,0,0,0,0,0,0,0,0,0,0,0,0,0,0,0,0,0,0,0,0,0,0,0,0,0,0,0,0,0,0,0,0,0,0,0,0,0,0,0,0,0,0,0,0,0,0,0,0,0,0,0,0,0,0,0,0,1,0,0,0,0,0,0,0,0,0,0,0,0,0,0,0
Zambia,0,0,0,0,0,0,0,0,0,0,0,0,0,0,0,0,0,0,0,0,0,0,0,0,0,0,0,0,0,0,0,0,0,0,0,0,0,0,0,0,0,0,0,0,0,0,0,0,0,0,0,0,0,0,0,0,0,0,0,0,0,0,0,0,0,0,0,0,0,0,0,0,2,0,1,2,2,0,17,1,3,2,0,0,0,0,0,3,0,2,0,0,2,0,0,5,0,0,12,1,19,1,3,0,14,9,2,8,1
Zimbabwe,0,0,0,0,0,0,0,0,0,0,0,0,0,0,0,0,0,0,0,0,0,0,0,0,0,0,0,0,0,0,0,0,0,0,0,0,0,0,0,0,0,0,0,0,0,0,0,0,0,0,0,0,0,0,0,0,0,0,0,0,0,0,0,0,0,0,0,0,0,0,0,0,0,0,0,0,0,0,0,0,0,0,0,0,1,0,1,0,0,0,0,0,0,0,0,0,3,0,0,0,0,0,0,0,0,0,0,4,0
